ID,Year,Problem Number,Question,Answer,Part,prompt,llm_full_thought,llm_prediction,llm_critique,llm_delegate,solution,method,timestamp
1995-14,1995,14,"In a circle of radius 42, two chords of length 78 intersect at a point whose distance from the center is 18.  The two chords divide the interior of the circle into four regions.  Two of these regions are bordered by segments of unequal lengths, and the area of either of them can be expressed uniquely in the form $m\pi-n\sqrt{d},$ where $m, n,$ and $d_{}$ are positive integers and $d_{}$ is not divisible by the square of any prime number.  Find $m+n+d.$",378,,"You are helping Person 1 solve the following math problem: In a circle of radius 42, two chords of length 78 intersect at a point whose distance from the center is 18.  The two chords divide the interior of the circle into four regions.  Two of these regions are bordered by segments of unequal lengths, and the area of either of them can be expressed uniquely in the form $m\pi-n\sqrt{d},$ where $m, n,$ and $d_{}$ are positive integers and $d_{}$ is not divisible by the square of any prime number.  Find $m+n+d.$.",The api_key client option must be set either by passing api_key to the client or by setting the OPENAI_API_KEY environment variable,Err,Err,1,378,auditor,2026-02-20 20:59:41
2013-II-4,2013,4,"In the Cartesian plane let $A = (1,0)$ and $B = \left( 2, 2\sqrt{3} \right)$ .  Equilateral triangle $ABC$ is constructed so that $C$ lies in the first quadrant.  Let $P=(x,y)$ be the center of $\triangle ABC$ .  Then $x \cdot y$ can be written as $\tfrac{p\sqrt{q}}{r}$ , where $p$ and $r$ are relatively prime positive integers and $q$ is an integer that is not divisible by the square of any prime.  Find $p+q+r$ .",40,II,"You are helping Person 1 solve the following math problem: In the Cartesian plane let $A = (1,0)$ and $B = \left( 2, 2\sqrt{3} \right)$ .  Equilateral triangle $ABC$ is constructed so that $C$ lies in the first quadrant.  Let $P=(x,y)$ be the center of $\triangle ABC$ .  Then $x \cdot y$ can be written as $\tfrac{p\sqrt{q}}{r}$ , where $p$ and $r$ are relatively prime positive integers and $q$ is an integer that is not divisible by the square of any prime.  Find $p+q+r$ ..",The api_key client option must be set either by passing api_key to the client or by setting the OPENAI_API_KEY environment variable,Err,Err,1,40,auditor,2026-02-20 20:59:41
1985-7,1985,7,"Assume that $a$ , $b$ , $c$ and $d$ are positive integers such that $a^5 = b^4$ , $c^3 = d^2$ and $c - a = 19$ . Determine $d - b$ .",757,,"You are helping Person 1 solve the following math problem: Assume that $a$ , $b$ , $c$ and $d$ are positive integers such that $a^5 = b^4$ , $c^3 = d^2$ and $c - a = 19$ . Determine $d - b$ ..",The api_key client option must be set either by passing api_key to the client or by setting the OPENAI_API_KEY environment variable,Err,Err,1,757,auditor,2026-02-20 20:59:41
2018-II-1,2018,1,"Points $A$ , $B$ , and $C$ lie in that order along a straight path where the distance from $A$ to $C$ is $1800$ meters. Ina runs twice as fast as Eve, and Paul runs twice as fast as Ina. The three runners start running at the same time with Ina starting at $A$ and running toward $C$ , Paul starting at $B$ and running toward $C$ , and Eve starting at $C$ and running toward $A$ . When Paul meets Eve, he turns around and runs toward $A$ . Paul and Ina both arrive at $B$ at the same time. Find the number of meters from $A$ to $B$ .",800,II,"You are helping Person 1 solve the following math problem: Points $A$ , $B$ , and $C$ lie in that order along a straight path where the distance from $A$ to $C$ is $1800$ meters. Ina runs twice as fast as Eve, and Paul runs twice as fast as Ina. The three runners start running at the same time with Ina starting at $A$ and running toward $C$ , Paul starting at $B$ and running toward $C$ , and Eve starting at $C$ and running toward $A$ . When Paul meets Eve, he turns around and runs toward $A$ . Paul and Ina both arrive at $B$ at the same time. Find the number of meters from $A$ to $B$ ..",The api_key client option must be set either by passing api_key to the client or by setting the OPENAI_API_KEY environment variable,Err,Err,1,800,auditor,2026-02-20 20:59:41
2019-II-11,2019,11,"Triangle $ABC$ has side lengths $AB=7,BC=8,$ and $CA=9.$ Circle $\omega_1$ passes through $B$ and is tangent to line $AC$ at $A.$ Circle $\omega_2$ passes through $C$ and is tangent to line $AB$ at $A.$ Let $K$ be the intersection of circles $\omega_1$ and $\omega_2$ not equal to $A.$ Then $AK=\tfrac{m}{n},$ where $m$ and $n$ are relatively prime positive integers. Find $m+n.$",11,II,"You are helping Person 1 solve the following math problem: Triangle $ABC$ has side lengths $AB=7,BC=8,$ and $CA=9.$ Circle $\omega_1$ passes through $B$ and is tangent to line $AC$ at $A.$ Circle $\omega_2$ passes through $C$ and is tangent to line $AB$ at $A.$ Let $K$ be the intersection of circles $\omega_1$ and $\omega_2$ not equal to $A.$ Then $AK=\tfrac{m}{n},$ where $m$ and $n$ are relatively prime positive integers. Find $m+n.$.",The api_key client option must be set either by passing api_key to the client or by setting the OPENAI_API_KEY environment variable,Err,Err,1,11,auditor,2026-02-20 20:59:41
2015-I-12,2015,12,"Consider all 1000-element subsets of the set $\{ 1, 2, 3, ... , 2015 \}$ .  From each such subset choose the least element.  The arithmetic mean of all of these least elements is $\frac{p}{q}$ , where $p$ and $q$ are relatively prime positive integers.  Find $p + q$ .",431,I,"You are helping Person 1 solve the following math problem: Consider all 1000-element subsets of the set $\{ 1, 2, 3, ... , 2015 \}$ .  From each such subset choose the least element.  The arithmetic mean of all of these least elements is $\frac{p}{q}$ , where $p$ and $q$ are relatively prime positive integers.  Find $p + q$ ..",The api_key client option must be set either by passing api_key to the client or by setting the OPENAI_API_KEY environment variable,Err,Err,1,431,auditor,2026-02-20 21:04:17
2016-II-3,2016,3,"Let $x,y,$ and $z$ be real numbers satisfying the system \begin{align*} \log_2(xyz-3+\log_5 x)&=5,\\ \log_3(xyz-3+\log_5 y)&=4,\\ \log_4(xyz-3+\log_5 z)&=4. \end{align*} Find the value of $|\log_5 x|+|\log_5 y|+|\log_5 z|$ .",265,II,"You are helping Person 1 solve the following math problem: Let $x,y,$ and $z$ be real numbers satisfying the system \begin{align*} \log_2(xyz-3+\log_5 x)&=5,\\ \log_3(xyz-3+\log_5 y)&=4,\\ \log_4(xyz-3+\log_5 z)&=4. \end{align*} Find the value of $|\log_5 x|+|\log_5 y|+|\log_5 z|$ ..",The api_key client option must be set either by passing api_key to the client or by setting the OPENAI_API_KEY environment variable,Err,Err,1,265,auditor,2026-02-20 21:04:17
2024-II-15,2024,15,"Find the number of rectangles that can be formed inside a fixed regular dodecagon ( $12$ -gon) where each side of the rectangle lies on either a side or a diagonal of the dodecagon. The diagram below shows three of those rectangles. [asy] unitsize(0.6 inch); for(int i=0; i<360; i+=30) { dot(dir(i), 4+black); draw(dir(i)--dir(i+30)); } draw(dir(120)--dir(330)); filldraw(dir(210)--dir(240)--dir(30)--dir(60)--cycle, mediumgray, linewidth(1.5)); draw((0,0.366)--(0.366,0), linewidth(1.5)); [/asy]",315,II,"You are helping Person 1 solve the following math problem: Find the number of rectangles that can be formed inside a fixed regular dodecagon ( $12$ -gon) where each side of the rectangle lies on either a side or a diagonal of the dodecagon. The diagram below shows three of those rectangles. [asy] unitsize(0.6 inch); for(int i=0; i<360; i+=30) { dot(dir(i), 4+black); draw(dir(i)--dir(i+30)); } draw(dir(120)--dir(330)); filldraw(dir(210)--dir(240)--dir(30)--dir(60)--cycle, mediumgray, linewidth(1.5)); draw((0,0.366)--(0.366,0), linewidth(1.5)); [/asy].",The api_key client option must be set either by passing api_key to the client or by setting the OPENAI_API_KEY environment variable,Err,Err,1,315,auditor,2026-02-20 21:04:17
2003-I-10,2003,10,Triangle $ABC$ is isosceles with $AC = BC$ and $\angle ACB = 106^\circ.$ Point $M$ is in the interior of the triangle so that $\angle MAC = 7^\circ$ and $\angle MCA = 23^\circ.$ Find the number of degrees in $\angle CMB.$,83,I,You are helping Person 1 solve the following math problem: Triangle $ABC$ is isosceles with $AC = BC$ and $\angle ACB = 106^\circ.$ Point $M$ is in the interior of the triangle so that $\angle MAC = 7^\circ$ and $\angle MCA = 23^\circ.$ Find the number of degrees in $\angle CMB.$.,The api_key client option must be set either by passing api_key to the client or by setting the OPENAI_API_KEY environment variable,Err,Err,1,83,auditor,2026-02-20 21:04:17
2010-II-13,2010,13,"The $52$ cards in a deck are numbered $1, 2, \cdots, 52$ . Alex, Blair, Corey, and Dylan each pick a card from the deck randomly and without replacement. The two people with lower numbered cards form a team, and the two people with higher numbered cards form another team. Let $p(a)$ be the probability that Alex and Dylan are on the same team, given that Alex picks one of the cards $a$ and $a+9$ , and Dylan picks the other of these two cards. The minimum value of $p(a)$ for which $p(a)\ge\frac{1}{2}$ can be written as $\frac{m}{n}$ , where $m$ and $n$ are relatively prime positive integers. Find $m+n$ .",263,II,"You are helping Person 1 solve the following math problem: The $52$ cards in a deck are numbered $1, 2, \cdots, 52$ . Alex, Blair, Corey, and Dylan each pick a card from the deck randomly and without replacement. The two people with lower numbered cards form a team, and the two people with higher numbered cards form another team. Let $p(a)$ be the probability that Alex and Dylan are on the same team, given that Alex picks one of the cards $a$ and $a+9$ , and Dylan picks the other of these two cards. The minimum value of $p(a)$ for which $p(a)\ge\frac{1}{2}$ can be written as $\frac{m}{n}$ , where $m$ and $n$ are relatively prime positive integers. Find $m+n$ ..",The api_key client option must be set either by passing api_key to the client or by setting the OPENAI_API_KEY environment variable,Err,Err,1,263,auditor,2026-02-20 21:04:17
1990-14,1990,14,"The rectangle $ABCD^{}_{}$ below has dimensions $AB^{}_{} = 12 \sqrt{3}$ and $BC^{}_{} = 13 \sqrt{3}$ .  Diagonals $\overline{AC}$ and $\overline{BD}$ intersect at $P^{}_{}$ .  If triangle $ABP^{}_{}$ is cut out and removed, edges $\overline{AP}$ and $\overline{BP}$ are joined, and the figure is then creased along segments $\overline{CP}$ and $\overline{DP}$ , we obtain a triangular pyramid, all four of whose faces are isosceles triangles.  Find the volume of this pyramid. AIME 1990 Problem 14.png",594,,"You are helping Person 1 solve the following math problem: The rectangle $ABCD^{}_{}$ below has dimensions $AB^{}_{} = 12 \sqrt{3}$ and $BC^{}_{} = 13 \sqrt{3}$ .  Diagonals $\overline{AC}$ and $\overline{BD}$ intersect at $P^{}_{}$ .  If triangle $ABP^{}_{}$ is cut out and removed, edges $\overline{AP}$ and $\overline{BP}$ are joined, and the figure is then creased along segments $\overline{CP}$ and $\overline{DP}$ , we obtain a triangular pyramid, all four of whose faces are isosceles triangles.  Find the volume of this pyramid. AIME 1990 Problem 14.png.",Connection error.,Err,Err,1,594,auditor,2026-02-20 21:04:59
2012-I-12,2012,12,"Let $\triangle ABC$ be a right triangle with right angle at $C.$ Let $D$ and $E$ be points on $\overline{AB}$ with $D$ between $A$ and $E$ such that $\overline{CD}$ and $\overline{CE}$ trisect $\angle C.$ If $\frac{DE}{BE} = \frac{8}{15},$ then $\tan B$ can be written as $\frac{m \sqrt{p}}{n},$ where $m$ and $n$ are relatively prime positive integers, and $p$ is a positive integer not divisible by the square of any prime. Find $m+n+p.$",18,I,"You are helping Person 1 solve the following math problem: Let $\triangle ABC$ be a right triangle with right angle at $C.$ Let $D$ and $E$ be points on $\overline{AB}$ with $D$ between $A$ and $E$ such that $\overline{CD}$ and $\overline{CE}$ trisect $\angle C.$ If $\frac{DE}{BE} = \frac{8}{15},$ then $\tan B$ can be written as $\frac{m \sqrt{p}}{n},$ where $m$ and $n$ are relatively prime positive integers, and $p$ is a positive integer not divisible by the square of any prime. Find $m+n+p.$.",Connection error.,Err,Err,1,18,auditor,2026-02-20 21:04:59
2017-I-11,2017,11,"Consider arrangements of the $9$ numbers $1, 2, 3, \dots, 9$ in a $3 \times 3$ array. For each such arrangement, let $a_1$ , $a_2$ , and $a_3$ be the medians of the numbers in rows $1$ , $2$ , and $3$ respectively, and let $m$ be the median of $\{a_1, a_2, a_3\}$ . Let $Q$ be the number of arrangements for which $m = 5$ . Find the remainder when $Q$ is divided by $1000$ .",360,I,"You are helping Person 1 solve the following math problem: Consider arrangements of the $9$ numbers $1, 2, 3, \dots, 9$ in a $3 \times 3$ array. For each such arrangement, let $a_1$ , $a_2$ , and $a_3$ be the medians of the numbers in rows $1$ , $2$ , and $3$ respectively, and let $m$ be the median of $\{a_1, a_2, a_3\}$ . Let $Q$ be the number of arrangements for which $m = 5$ . Find the remainder when $Q$ is divided by $1000$ ..",Connection error.,Err,Err,1,360,auditor,2026-02-20 21:04:59
1986-11,1986,11,"The polynomial $1-x+x^2-x^3+\cdots+x^{16}-x^{17}$ may be written in the form $a_0+a_1y+a_2y^2+\cdots +a_{16}y^{16}+a_{17}y^{17}$ , where $y=x+1$ and the $a_i$ 's are constants. Find the value of $a_2$ .",816,,"You are helping Person 1 solve the following math problem: The polynomial $1-x+x^2-x^3+\cdots+x^{16}-x^{17}$ may be written in the form $a_0+a_1y+a_2y^2+\cdots +a_{16}y^{16}+a_{17}y^{17}$ , where $y=x+1$ and the $a_i$ 's are constants. Find the value of $a_2$ ..",Connection error.,Err,Err,1,816,auditor,2026-02-20 21:04:59
2020-I-14,2020,14,"Let $P(x)$ be a quadratic polynomial with complex coefficients whose $x^2$ coefficient is $1.$ Suppose the equation $P(P(x))=0$ has four distinct solutions, $x=3,4,a,b.$ Find the sum of all possible values of $(a+b)^2.$",85,I,"You are helping Person 1 solve the following math problem: Let $P(x)$ be a quadratic polynomial with complex coefficients whose $x^2$ coefficient is $1.$ Suppose the equation $P(P(x))=0$ has four distinct solutions, $x=3,4,a,b.$ Find the sum of all possible values of $(a+b)^2.$.",Connection error.,Err,Err,1,85,auditor,2026-02-20 21:04:59
1990-5,1990,5,"Let $n^{}_{}$ be the smallest positive integer that is a multiple of $75_{}^{}$ and has exactly $75_{}^{}$ positive integral divisors, including $1_{}^{}$ and itself. Find $\frac{n}{75}$ .",432,,"You are helping Person 1 solve the following math problem: Let $n^{}_{}$ be the smallest positive integer that is a multiple of $75_{}^{}$ and has exactly $75_{}^{}$ positive integral divisors, including $1_{}^{}$ and itself. Find $\frac{n}{75}$ ..",Connection error.,Err,Err,1,432,auditor,2026-02-20 21:15:35
2002-I-3,2002,3,"Jane is 25 years old. Dick is older than Jane. In $n$ years, where $n$ is a positive integer, Dick's age and Jane's age will both be two-digit numbers and will have the property that Jane's age is obtained by interchanging the digits of Dick's age. Let $d$ be Dick's present age. How many ordered pairs of positive integers $(d,n)$ are possible?",25,I,"You are helping Person 1 solve the following math problem: Jane is 25 years old. Dick is older than Jane. In $n$ years, where $n$ is a positive integer, Dick's age and Jane's age will both be two-digit numbers and will have the property that Jane's age is obtained by interchanging the digits of Dick's age. Let $d$ be Dick's present age. How many ordered pairs of positive integers $(d,n)$ are possible?.",Connection error.,Err,Err,1,25,auditor,2026-02-20 21:15:35
1994-8,1994,8,"The points $(0,0)\,$ , $(a,11)\,$ , and $(b,37)\,$ are the vertices of an equilateral triangle.  Find the value of $ab\,$ .",315,,"You are helping Person 1 solve the following math problem: The points $(0,0)\,$ , $(a,11)\,$ , and $(b,37)\,$ are the vertices of an equilateral triangle.  Find the value of $ab\,$ ..",Connection error.,Err,Err,1,315,auditor,2026-02-20 21:15:35
2018-II-11,2018,11,"Find the number of permutations of $1, 2, 3, 4, 5, 6$ such that for each $k$ with $1$ $\leq$ $k$ $\leq$ $5$ , at least one of the first $k$ terms of the permutation is greater than $k$ .",461,II,"You are helping Person 1 solve the following math problem: Find the number of permutations of $1, 2, 3, 4, 5, 6$ such that for each $k$ with $1$ $\leq$ $k$ $\leq$ $5$ , at least one of the first $k$ terms of the permutation is greater than $k$ ..",Connection error.,Err,Err,1,461,auditor,2026-02-20 21:15:35
2006-II-3,2006,3,Let $P$ be the product of the first 100 positive odd integers. Find the largest integer $k$ such that $P$ is divisible by $3^k$ .,49,II,You are helping Person 1 solve the following math problem: Let $P$ be the product of the first 100 positive odd integers. Find the largest integer $k$ such that $P$ is divisible by $3^k$ ..,Connection error.,Err,Err,1,49,auditor,2026-02-20 21:15:35
