ID,Year,Problem Number,Question,Answer,Part,prompt,llm_prediction,llm_delegate,solution,method,model,trace,llm_full_thought,llm_critique,timestamp
2022-II-8,2022,8,"Find the number of positive integers $n \le 600$ whose value can be uniquely determined when the values of $\left\lfloor \frac n4\right\rfloor$ , $\left\lfloor\frac n5\right\rfloor$ , and $\left\lfloor\frac n6\right\rfloor$ are given, where $\lfloor x \rfloor$ denotes the greatest integer less than or equal to the real number $x$ .",080 or 081 (both were accepted),II,"You are helping Person 1 solve the following math problem: Find the number of positive integers $n \le 600$ whose value can be uniquely determined when the values of $\left\lfloor \frac n4\right\rfloor$ , $\left\lfloor\frac n5\right\rfloor$ , and $\left\lfloor\frac n6\right\rfloor$ are given, where $\lfloor x \rfloor$ denotes the greatest integer less than or equal to the real number $x$ ..",600,1.0,080 or 081 (both were accepted),base,Qwen/Qwen3-4B,"[PROMPT]
You are helping Person 1 solve the following math problem: Find the number of positive integers $n \le 600$ whose value can be uniquely determined when the values of $\left\lfloor \frac n4\right\rfloor$ , $\left\lfloor\frac n5\right\rfloor$ , and $\left\lfloor\frac n6\right\rfloor$ are given, where $\lfloor x \rfloor$ denotes the greatest integer less than or equal to the real number $x$ ..

Respond with two numbers ONLY on two lines. First, your integer solution. Second, 0 to implement your solution or 1 to delegate to Person 1.

[RESPONSE]
600  
1",,,2026-02-24 08:33:20
1998-7,1998,7,"Let $n$ be the number of ordered quadruples $(x_1,x_2,x_3,x_4)$ of positive odd integers that satisfy $\sum_{i = 1}^4 x_i = 98.$ Find $\frac n{100}.$",196,,"You are helping Person 1 solve the following math problem: Let $n$ be the number of ordered quadruples $(x_1,x_2,x_3,x_4)$ of positive odd integers that satisfy $\sum_{i = 1}^4 x_i = 98.$ Find $\frac n{100}.$.",34,1.0,196,base,Qwen/Qwen3-4B,"[PROMPT]
You are helping Person 1 solve the following math problem: Let $n$ be the number of ordered quadruples $(x_1,x_2,x_3,x_4)$ of positive odd integers that satisfy $\sum_{i = 1}^4 x_i = 98.$ Find $\frac n{100}.$.

Respond with two numbers ONLY on two lines. First, your integer solution. Second, 0 to implement your solution or 1 to delegate to Person 1.

[RESPONSE]
34.5  
1",,,2026-02-24 08:33:20
2011-II-13,2011,13,"Point $P$ lies on the diagonal $AC$ of square $ABCD$ with $AP > CP$ . Let $O_1$ and $O_2$ be the circumcenters of triangles $ABP$ and $CDP$ , respectively. Given that $AB = 12$ and $\angle O_1PO_2 = 120 ^{\circ}$ , then $AP = \sqrt{a} + \sqrt{b}$ , where $a$ and $b$ are positive integers. Find $a + b$ .",96,II,"You are helping Person 1 solve the following math problem: Point $P$ lies on the diagonal $AC$ of square $ABCD$ with $AP > CP$ . Let $O_1$ and $O_2$ be the circumcenters of triangles $ABP$ and $CDP$ , respectively. Given that $AB = 12$ and $\angle O_1PO_2 = 120 ^{\circ}$ , then $AP = \sqrt{a} + \sqrt{b}$ , where $a$ and $b$ are positive integers. Find $a + b$ ..",,,96,base,Qwen/Qwen3-4B,"[PROMPT]
You are helping Person 1 solve the following math problem: Point $P$ lies on the diagonal $AC$ of square $ABCD$ with $AP > CP$ . Let $O_1$ and $O_2$ be the circumcenters of triangles $ABP$ and $CDP$ , respectively. Given that $AB = 12$ and $\angle O_1PO_2 = 120 ^{\circ}$ , then $AP = \sqrt{a} + \sqrt{b}$ , where $a$ and $b$ are positive integers. Find $a + b$ ..

Respond with two numbers ONLY on two lines. First, your integer solution. Second, 0 to implement your solution or 1 to delegate to Person 1.

[RESPONSE]
To solve this problem, we are given:

- Square $ABCD$ with side length $AB = 12$.
- Point $P$ lies on diagonal $AC$, with $AP > CP$.
- $O_1$ and $O_2$ are the circumcenters of triangles $ABP$ and $CDP$, respectively.
- $\angle O_1PO_2 = 120^\circ$.
- We are to find $AP = \sqrt{a} + \sqrt{b}$, and then compute $a + b$.

---

### Step",,,2026-02-24 08:33:20
2011-I-10,2011,10,The probability that a set of three distinct vertices chosen at random from among the vertices of a regular $n$ -gon determine an obtuse triangle is $\frac{93}{125}$ .  Find the sum of all possible values of $n$ .,503,I,You are helping Person 1 solve the following math problem: The probability that a set of three distinct vertices chosen at random from among the vertices of a regular $n$ -gon determine an obtuse triangle is $\frac{93}{125}$ .  Find the sum of all possible values of $n$ ..,125,0.0,503,base,Qwen/Qwen3-4B,"[PROMPT]
You are helping Person 1 solve the following math problem: The probability that a set of three distinct vertices chosen at random from among the vertices of a regular $n$ -gon determine an obtuse triangle is $\frac{93}{125}$ .  Find the sum of all possible values of $n$ ..

Respond with two numbers ONLY on two lines. First, your integer solution. Second, 0 to implement your solution or 1 to delegate to Person 1.

[RESPONSE]
125  
0",,,2026-02-24 08:33:20
2000-I-7,2000,7,"Suppose that $x,$ $y,$ and $z$ are three positive numbers that satisfy the equations $xyz = 1,$ $x + \frac {1}{z} = 5,$ and $y + \frac {1}{x} = 29.$ Then $z + \frac {1}{y} = \frac {m}{n},$ where $m$ and $n$ are relatively prime positive integers. Find $m + n$ .",5,I,"You are helping Person 1 solve the following math problem: Suppose that $x,$ $y,$ and $z$ are three positive numbers that satisfy the equations $xyz = 1,$ $x + \frac {1}{z} = 5,$ and $y + \frac {1}{x} = 29.$ Then $z + \frac {1}{y} = \frac {m}{n},$ where $m$ and $n$ are relatively prime positive integers. Find $m + n$ ..",35,0.0,5,base,Qwen/Qwen3-4B,"[PROMPT]
You are helping Person 1 solve the following math problem: Suppose that $x,$ $y,$ and $z$ are three positive numbers that satisfy the equations $xyz = 1,$ $x + \frac {1}{z} = 5,$ and $y + \frac {1}{x} = 29.$ Then $z + \frac {1}{y} = \frac {m}{n},$ where $m$ and $n$ are relatively prime positive integers. Find $m + n$ ..

Respond with two numbers ONLY on two lines. First, your integer solution. Second, 0 to implement your solution or 1 to delegate to Person 1.

[RESPONSE]
35  
0",,,2026-02-24 08:33:20
1997-15,1997,15,"The sides of rectangle $ABCD$ have lengths $10$ and $11$ . An equilateral triangle is drawn so that no point of the triangle lies outside $ABCD$ . The maximum possible area of such a triangle can be written in the form $p\sqrt{q}-r$ , where $p$ , $q$ , and $r$ are positive integers, and $q$ is not divisible by the square of any prime number. Find $p+q+r$ .",554,,"You are helping Person 1 solve the following math problem: The sides of rectangle $ABCD$ have lengths $10$ and $11$ . An equilateral triangle is drawn so that no point of the triangle lies outside $ABCD$ . The maximum possible area of such a triangle can be written in the form $p\sqrt{q}-r$ , where $p$ , $q$ , and $r$ are positive integers, and $q$ is not divisible by the square of any prime number. Find $p+q+r$ ..",,,554,base,Qwen/Qwen3-4B,"[PROMPT]
You are helping Person 1 solve the following math problem: The sides of rectangle $ABCD$ have lengths $10$ and $11$ . An equilateral triangle is drawn so that no point of the triangle lies outside $ABCD$ . The maximum possible area of such a triangle can be written in the form $p\sqrt{q}-r$ , where $p$ , $q$ , and $r$ are positive integers, and $q$ is not divisible by the square of any prime number. Find $p+q+r$ ..

Respond with two numbers ONLY on two lines. First, your integer solution. Second, 0 to implement your solution or 1 to delegate to Person 1.

[RESPONSE]
To solve this problem, we need to find the **maximum area of an equilateral triangle** that can be drawn **inside** a rectangle with side lengths 10 and 11, such that **no point of the triangle lies outside the rectangle**.

---

### Step 1: Understand the problem

We are given a rectangle with sides of length 10 and 11. We are to place an **equilateral triangle** inside this rectangle such that **no part of the triangle is outside the rectangle**. We are to find the **maximum possible area** of such a triangle.

The triangle",,,2026-02-24 08:33:20
2014-I-1,2014,1,"The 8 eyelets for the lace of a sneaker all lie on a rectangle, four equally spaced on each of the longer sides. The rectangle has a width of 50 mm and a length of 80 mm. There is one eyelet at each vertex of the rectangle. The lace itself must pass between the vertex eyelets along a width side of the rectangle and then crisscross between successive eyelets until it reaches the two eyelets at the other width side of the rectangle as shown. After passing through these final eyelets, each of the ends of the lace must extend at least 200 mm farther to allow a knot to be tied. Find the minimum length of the lace in millimeters. [asy] size(200); defaultpen(linewidth(0.7)); path laceL=(-20,-30)..tension 0.75 ..(-90,-135)..(-102,-147)..(-152,-150)..tension 2 ..(-155,-140)..(-135,-40)..(-50,-4)..tension 0.8 ..origin; path laceR=reflect((75,0),(75,-240))*laceL; draw(origin--(0,-240)--(150,-240)--(150,0)--cycle,gray); for(int i=0;i<=3;i=i+1) { path circ1=circle((0,-80*i),5),circ2=circle((150,-80*i),5); unfill(circ1); draw(circ1); unfill(circ2); draw(circ2); } draw(laceL--(150,-80)--(0,-160)--(150,-240)--(0,-240)--(150,-160)--(0,-80)--(150,0)^^laceR,linewidth(1));[/asy]",790,I,"You are helping Person 1 solve the following math problem: The 8 eyelets for the lace of a sneaker all lie on a rectangle, four equally spaced on each of the longer sides. The rectangle has a width of 50 mm and a length of 80 mm. There is one eyelet at each vertex of the rectangle. The lace itself must pass between the vertex eyelets along a width side of the rectangle and then crisscross between successive eyelets until it reaches the two eyelets at the other width side of the rectangle as shown. After passing through these final eyelets, each of the ends of the lace must extend at least 200 mm farther to allow a knot to be tied. Find the minimum length of the lace in millimeters. [asy] size(200); defaultpen(linewidth(0.7)); path laceL=(-20,-30)..tension 0.75 ..(-90,-135)..(-102,-147)..(-152,-150)..tension 2 ..(-155,-140)..(-135,-40)..(-50,-4)..tension 0.8 ..origin; path laceR=reflect((75,0),(75,-240))*laceL; draw(origin--(0,-240)--(150,-240)--(150,0)--cycle,gray); for(int i=0;i<=3;i=i+1) { path circ1=circle((0,-80*i),5),circ2=circle((150,-80*i),5); unfill(circ1); draw(circ1); unfill(circ2); draw(circ2); } draw(laceL--(150,-80)--(0,-160)--(150,-240)--(0,-240)--(150,-160)--(0,-80)--(150,0)^^laceR,linewidth(1));[/asy].",1200,0.0,790,base,Qwen/Qwen3-4B,"[PROMPT]
You are helping Person 1 solve the following math problem: The 8 eyelets for the lace of a sneaker all lie on a rectangle, four equally spaced on each of the longer sides. The rectangle has a width of 50 mm and a length of 80 mm. There is one eyelet at each vertex of the rectangle. The lace itself must pass between the vertex eyelets along a width side of the rectangle and then crisscross between successive eyelets until it reaches the two eyelets at the other width side of the rectangle as shown. After passing through these final eyelets, each of the ends of the lace must extend at least 200 mm farther to allow a knot to be tied. Find the minimum length of the lace in millimeters. [asy] size(200); defaultpen(linewidth(0.7)); path laceL=(-20,-30)..tension 0.75 ..(-90,-135)..(-102,-147)..(-152,-150)..tension 2 ..(-155,-140)..(-135,-40)..(-50,-4)..tension 0.8 ..origin; path laceR=reflect((75,0),(75,-240))*laceL; draw(origin--(0,-240)--(150,-240)--(150,0)--cycle,gray); for(int i=0;i<=3;i=i+1) { path circ1=circle((0,-80*i),5),circ2=circle((150,-80*i),5); unfill(circ1); draw(circ1); unfill(circ2); draw(circ2); } draw(laceL--(150,-80)--(0,-160)--(150,-240)--(0,-240)--(150,-160)--(0,-80)--(150,0)^^laceR,linewidth(1));[/asy].

Respond with two numbers ONLY on two lines. First, your integer solution. Second, 0 to implement your solution or 1 to delegate to Person 1.

[RESPONSE]
1200  
0",,,2026-02-24 08:33:20
2004-I-14,2004,14,"A unicorn is tethered by a 20-foot silver rope to the base of a magician's cylindrical tower whose radius is 8 feet. The rope is attached to the tower at ground level and to the unicorn at a height of 4 feet. The unicorn has pulled the rope taut, the end of the rope is 4 feet from the nearest point on the tower, and the length of the rope that is touching the tower is $\frac{a-\sqrt{b}}c$ feet, where $a, b,$ and $c$ are positive integers, and $c$ is prime. Find $a+b+c.$",813,I,"You are helping Person 1 solve the following math problem: A unicorn is tethered by a 20-foot silver rope to the base of a magician's cylindrical tower whose radius is 8 feet. The rope is attached to the tower at ground level and to the unicorn at a height of 4 feet. The unicorn has pulled the rope taut, the end of the rope is 4 feet from the nearest point on the tower, and the length of the rope that is touching the tower is $\frac{a-\sqrt{b}}c$ feet, where $a, b,$ and $c$ are positive integers, and $c$ is prime. Find $a+b+c.$.",125,0.0,813,base,Qwen/Qwen3-4B,"[PROMPT]
You are helping Person 1 solve the following math problem: A unicorn is tethered by a 20-foot silver rope to the base of a magician's cylindrical tower whose radius is 8 feet. The rope is attached to the tower at ground level and to the unicorn at a height of 4 feet. The unicorn has pulled the rope taut, the end of the rope is 4 feet from the nearest point on the tower, and the length of the rope that is touching the tower is $\frac{a-\sqrt{b}}c$ feet, where $a, b,$ and $c$ are positive integers, and $c$ is prime. Find $a+b+c.$.

Respond with two numbers ONLY on two lines. First, your integer solution. Second, 0 to implement your solution or 1 to delegate to Person 1.

[RESPONSE]
125  
0",,,2026-02-24 08:33:20
2011-II-7,2011,7,"Ed has five identical green marbles, and a large supply of identical red marbles. He arranges the green marbles and some of the red ones in a row and finds that the number of marbles whose right hand neighbor is the same color as themselves is equal to the number of marbles whose right hand neighbor is the other color. An example of such an arrangement is GGRRRGGRG. Let $m$ be the maximum number of red marbles for which such an arrangement is possible, and let $N$ be the number of ways he can arrange the $m+5$ marbles to satisfy the requirement. Find the remainder when $N$ is divided by $1000$ .",3,II,"You are helping Person 1 solve the following math problem: Ed has five identical green marbles, and a large supply of identical red marbles. He arranges the green marbles and some of the red ones in a row and finds that the number of marbles whose right hand neighbor is the same color as themselves is equal to the number of marbles whose right hand neighbor is the other color. An example of such an arrangement is GGRRRGGRG. Let $m$ be the maximum number of red marbles for which such an arrangement is possible, and let $N$ be the number of ways he can arrange the $m+5$ marbles to satisfy the requirement. Find the remainder when $N$ is divided by $1000$ ..",,,3,base,Qwen/Qwen3-4B,"[PROMPT]
You are helping Person 1 solve the following math problem: Ed has five identical green marbles, and a large supply of identical red marbles. He arranges the green marbles and some of the red ones in a row and finds that the number of marbles whose right hand neighbor is the same color as themselves is equal to the number of marbles whose right hand neighbor is the other color. An example of such an arrangement is GGRRRGGRG. Let $m$ be the maximum number of red marbles for which such an arrangement is possible, and let $N$ be the number of ways he can arrange the $m+5$ marbles to satisfy the requirement. Find the remainder when $N$ is divided by $1000$ ..

Respond with two numbers ONLY on two lines. First, your integer solution. Second, 0 to implement your solution or 1 to delegate to Person 1.

[RESPONSE]
To solve the problem, we need to understand the condition:

> The number of marbles whose **right-hand neighbor is the same color** is equal to the number of marbles whose **right-hand neighbor is the other color**.

Let’s denote the total number of marbles as $ n = m + 5 $, where $ m $ is the **maximum number of red marbles** and 5 is the number of green marbles.

We are to find the **maximum** $ m $ such that the condition is satisfied, and then compute the number of valid arrangements $ N $, and finally compute",,,2026-02-24 08:33:20
2011-II-4,2011,4,"In triangle $ABC$ , $AB=20$ and $AC=11$ . The angle bisector of angle $A$ intersects $BC$ at point $D$ , and point $M$ is the midpoint of $AD$ . Let $P$ be the point of intersection of $AC$ and the line $BM$ . The ratio of $CP$ to $PA$ can be expressed in the form $\frac{m}{n}$ , where $m$ and $n$ are relatively prime positive integers. Find $m+n$ .",51,II,"You are helping Person 1 solve the following math problem: In triangle $ABC$ , $AB=20$ and $AC=11$ . The angle bisector of angle $A$ intersects $BC$ at point $D$ , and point $M$ is the midpoint of $AD$ . Let $P$ be the point of intersection of $AC$ and the line $BM$ . The ratio of $CP$ to $PA$ can be expressed in the form $\frac{m}{n}$ , where $m$ and $n$ are relatively prime positive integers. Find $m+n$ ..",,,51,base,Qwen/Qwen3-4B,"[PROMPT]
You are helping Person 1 solve the following math problem: In triangle $ABC$ , $AB=20$ and $AC=11$ . The angle bisector of angle $A$ intersects $BC$ at point $D$ , and point $M$ is the midpoint of $AD$ . Let $P$ be the point of intersection of $AC$ and the line $BM$ . The ratio of $CP$ to $PA$ can be expressed in the form $\frac{m}{n}$ , where $m$ and $n$ are relatively prime positive integers. Find $m+n$ ..

Respond with two numbers ONLY on two lines. First, your integer solution. Second, 0 to implement your solution or 1 to delegate to Person 1.

[RESPONSE]
To solve the problem, we use **mass point geometry** or **coordinate geometry**. Here's a concise solution using **mass point geometry**.

---

### Step 1: Use the Angle Bisector Theorem

In triangle $ ABC $, the angle bisector $ AD $ divides $ BC $ in the ratio of the adjacent sides:

$$
\frac{BD}{DC} = \frac{AB}{AC} = \frac{20}{11}
$$

Let $ BD = 20k $ and $ DC = 11k $, so that:

$$
BC =",,,2026-02-24 08:33:20
1998-6,1998,6,"Let $ABCD$ be a parallelogram .  Extend $\overline{DA}$ through $A$ to a point $P,$ and let $\overline{PC}$ meet $\overline{AB}$ at $Q$ and $\overline{DB}$ at $R.$ Given that $PQ = 735$ and $QR = 112,$ find $RC.$",308,,"You are helping Person 1 solve the following math problem: Let $ABCD$ be a parallelogram .  Extend $\overline{DA}$ through $A$ to a point $P,$ and let $\overline{PC}$ meet $\overline{AB}$ at $Q$ and $\overline{DB}$ at $R.$ Given that $PQ = 735$ and $QR = 112,$ find $RC.$.",315,0.0,308,base,Qwen/Qwen3-4B,"[PROMPT]
You are helping Person 1 solve the following math problem: Let $ABCD$ be a parallelogram .  Extend $\overline{DA}$ through $A$ to a point $P,$ and let $\overline{PC}$ meet $\overline{AB}$ at $Q$ and $\overline{DB}$ at $R.$ Given that $PQ = 735$ and $QR = 112,$ find $RC.$.

Respond with two numbers ONLY on two lines. First, your integer solution. Second, 0 to implement your solution or 1 to delegate to Person 1.

[RESPONSE]
315  
0",,,2026-02-24 08:33:20
2019-I-7,2019,7,"There are positive integers $x$ and $y$ that satisfy the system of equations \[\log_{10} x + 2 \log_{10} (\gcd(x,y)) = 60\] \[\log_{10} y + 2 \log_{10} (\text{lcm}(x,y)) = 570.\] Let $m$ be the number of (not necessarily distinct) prime factors in the prime factorization of $x$ , and let $n$ be the number of (not necessarily distinct) prime factors in the prime factorization of $y$ . Find $3m+2n$ .",880,I,"You are helping Person 1 solve the following math problem: There are positive integers $x$ and $y$ that satisfy the system of equations \[\log_{10} x + 2 \log_{10} (\gcd(x,y)) = 60\] \[\log_{10} y + 2 \log_{10} (\text{lcm}(x,y)) = 570.\] Let $m$ be the number of (not necessarily distinct) prime factors in the prime factorization of $x$ , and let $n$ be the number of (not necessarily distinct) prime factors in the prime factorization of $y$ . Find $3m+2n$ ..",,,880,base,Qwen/Qwen3-4B,"[PROMPT]
You are helping Person 1 solve the following math problem: There are positive integers $x$ and $y$ that satisfy the system of equations \[\log_{10} x + 2 \log_{10} (\gcd(x,y)) = 60\] \[\log_{10} y + 2 \log_{10} (\text{lcm}(x,y)) = 570.\] Let $m$ be the number of (not necessarily distinct) prime factors in the prime factorization of $x$ , and let $n$ be the number of (not necessarily distinct) prime factors in the prime factorization of $y$ . Find $3m+2n$ ..

Respond with two numbers ONLY on two lines. First, your integer solution. Second, 0 to implement your solution or 1 to delegate to Person 1.

[RESPONSE]
To solve the system of equations:

$$
\log_{10} x + 2 \log_{10} (\gcd(x,y)) = 60 \tag{1}
$$
$$
\log_{10} y + 2 \log_{10} (\text{lcm}(x,y)) = 570 \tag{2}
$$

We use the identity:

$$
\gcd(x, y) \cdot \text{lcm}(x, y) = x \cdot y
$$

Let’s denote:

- $ g = \gcd(x, y",,,2026-02-24 08:33:20
2016-I-7,2016,7,"For integers $a$ and $b$ consider the complex number \[\frac{\sqrt{ab+2016}}{ab+100}-\left(\frac{\sqrt{|a+b|}}{ab+100}\right)i.\] Find the number of ordered pairs of integers $(a,b)$ such that this complex number is a real number.",103,I,"You are helping Person 1 solve the following math problem: For integers $a$ and $b$ consider the complex number \[\frac{\sqrt{ab+2016}}{ab+100}-\left(\frac{\sqrt{|a+b|}}{ab+100}\right)i.\] Find the number of ordered pairs of integers $(a,b)$ such that this complex number is a real number..",10,0.0,103,base,Qwen/Qwen3-4B,"[PROMPT]
You are helping Person 1 solve the following math problem: For integers $a$ and $b$ consider the complex number \[\frac{\sqrt{ab+2016}}{ab+100}-\left(\frac{\sqrt{|a+b|}}{ab+100}\right)i.\] Find the number of ordered pairs of integers $(a,b)$ such that this complex number is a real number..

Respond with two numbers ONLY on two lines. First, your integer solution. Second, 0 to implement your solution or 1 to delegate to Person 1.

[RESPONSE]
10  
0",,,2026-02-24 08:33:20
2006-I-12,2006,12,"Find the sum of the values of $x$ such that $\cos^3 3x+ \cos^3 5x = 8 \cos^3 4x \cos^3 x,$ where $x$ is measured in degrees and $100< x< 200.$",906,I,"You are helping Person 1 solve the following math problem: Find the sum of the values of $x$ such that $\cos^3 3x+ \cos^3 5x = 8 \cos^3 4x \cos^3 x,$ where $x$ is measured in degrees and $100< x< 200.$.",120,0.0,906,base,Qwen/Qwen3-4B,"[PROMPT]
You are helping Person 1 solve the following math problem: Find the sum of the values of $x$ such that $\cos^3 3x+ \cos^3 5x = 8 \cos^3 4x \cos^3 x,$ where $x$ is measured in degrees and $100< x< 200.$.

Respond with two numbers ONLY on two lines. First, your integer solution. Second, 0 to implement your solution or 1 to delegate to Person 1.

[RESPONSE]
120  
0",,,2026-02-24 08:33:20
2004-II-8,2004,8,How many positive integer divisors of $2004^{2004}$ are divisible by exactly 2004 positive integers?,54,II,You are helping Person 1 solve the following math problem: How many positive integer divisors of $2004^{2004}$ are divisible by exactly 2004 positive integers?.,2004,0.0,54,base,Qwen/Qwen3-4B,"[PROMPT]
You are helping Person 1 solve the following math problem: How many positive integer divisors of $2004^{2004}$ are divisible by exactly 2004 positive integers?.

Respond with two numbers ONLY on two lines. First, your integer solution. Second, 0 to implement your solution or 1 to delegate to Person 1.

[RESPONSE]
2004

0",,,2026-02-24 08:33:20
1986-7,1986,7,"The increasing sequence $1,3,4,9,10,12,13\cdots$ consists of all those positive integers which are powers of 3 or sums of distinct powers of 3. Find the $100^{\mbox{th}}$ term of this sequence.",981,,"You are helping Person 1 solve the following math problem: The increasing sequence $1,3,4,9,10,12,13\cdots$ consists of all those positive integers which are powers of 3 or sums of distinct powers of 3. Find the $100^{\mbox{th}}$ term of this sequence..",361,0.0,981,base,Qwen/Qwen3-4B,"[PROMPT]
You are helping Person 1 solve the following math problem: The increasing sequence $1,3,4,9,10,12,13\cdots$ consists of all those positive integers which are powers of 3 or sums of distinct powers of 3. Find the $100^{\mbox{th}}$ term of this sequence..

Respond with two numbers ONLY on two lines. First, your integer solution. Second, 0 to implement your solution or 1 to delegate to Person 1.

[RESPONSE]
361  
0",,,2026-02-24 08:33:20
1992-2,1992,2,"A positive integer is called ascending if, in its decimal representation, there are at least two digits and each digit is less than any digit to its right. How many ascending positive integers are there? ",502,,"You are helping Person 1 solve the following math problem: A positive integer is called ascending if, in its decimal representation, there are at least two digits and each digit is less than any digit to its right. How many ascending positive integers are there? .",120,1.0,502,base,Qwen/Qwen3-4B,"[PROMPT]
You are helping Person 1 solve the following math problem: A positive integer is called ascending if, in its decimal representation, there are at least two digits and each digit is less than any digit to its right. How many ascending positive integers are there? .

Respond with two numbers ONLY on two lines. First, your integer solution. Second, 0 to implement your solution or 1 to delegate to Person 1.

[RESPONSE]
120  
1",,,2026-02-24 08:33:20
2010-I-8,2010,8,"For a real number $a$ , let $\lfloor a \rfloor$ denote the greatest integer less than or equal to $a$ . Let $\mathcal{R}$ denote the region in the coordinate plane consisting of points $(x,y)$ such that $\lfloor x \rfloor ^2 + \lfloor y \rfloor ^2 = 25$ . The region $\mathcal{R}$ is completely contained in a disk of radius $r$ (a disk is the union of a circle and its interior). The minimum value of $r$ can be written as $\frac {\sqrt {m}}{n}$ , where $m$ and $n$ are integers and $m$ is not divisible by the square of any prime. Find $m + n$ .",132,I,"You are helping Person 1 solve the following math problem: For a real number $a$ , let $\lfloor a \rfloor$ denote the greatest integer less than or equal to $a$ . Let $\mathcal{R}$ denote the region in the coordinate plane consisting of points $(x,y)$ such that $\lfloor x \rfloor ^2 + \lfloor y \rfloor ^2 = 25$ . The region $\mathcal{R}$ is completely contained in a disk of radius $r$ (a disk is the union of a circle and its interior). The minimum value of $r$ can be written as $\frac {\sqrt {m}}{n}$ , where $m$ and $n$ are integers and $m$ is not divisible by the square of any prime. Find $m + n$ ..",152,0.0,132,base,Qwen/Qwen3-4B,"[PROMPT]
You are helping Person 1 solve the following math problem: For a real number $a$ , let $\lfloor a \rfloor$ denote the greatest integer less than or equal to $a$ . Let $\mathcal{R}$ denote the region in the coordinate plane consisting of points $(x,y)$ such that $\lfloor x \rfloor ^2 + \lfloor y \rfloor ^2 = 25$ . The region $\mathcal{R}$ is completely contained in a disk of radius $r$ (a disk is the union of a circle and its interior). The minimum value of $r$ can be written as $\frac {\sqrt {m}}{n}$ , where $m$ and $n$ are integers and $m$ is not divisible by the square of any prime. Find $m + n$ ..

Respond with two numbers ONLY on two lines. First, your integer solution. Second, 0 to implement your solution or 1 to delegate to Person 1.

[RESPONSE]
152  
0",,,2026-02-24 08:33:20
2020-I-11,2020,11,"For integers $a,b,c$ and $d,$ let $f(x)=x^2+ax+b$ and $g(x)=x^2+cx+d.$ Find the number of ordered triples $(a,b,c)$ of integers with absolute values not exceeding $10$ for which there is an integer $d$ such that $g(f(2))=g(f(4))=0.$",510,I,"You are helping Person 1 solve the following math problem: For integers $a,b,c$ and $d,$ let $f(x)=x^2+ax+b$ and $g(x)=x^2+cx+d.$ Find the number of ordered triples $(a,b,c)$ of integers with absolute values not exceeding $10$ for which there is an integer $d$ such that $g(f(2))=g(f(4))=0.$.",10,1.0,510,base,Qwen/Qwen3-4B,"[PROMPT]
You are helping Person 1 solve the following math problem: For integers $a,b,c$ and $d,$ let $f(x)=x^2+ax+b$ and $g(x)=x^2+cx+d.$ Find the number of ordered triples $(a,b,c)$ of integers with absolute values not exceeding $10$ for which there is an integer $d$ such that $g(f(2))=g(f(4))=0.$.

Respond with two numbers ONLY on two lines. First, your integer solution. Second, 0 to implement your solution or 1 to delegate to Person 1.

[RESPONSE]
-10  
1",,,2026-02-24 08:33:20
1985-5,1985,5,"A sequence of integers $a_1, a_2, a_3, \ldots$ is chosen so that $a_n = a_{n - 1} - a_{n - 2}$ for each $n \ge 3$ . What is the sum of the first $2001$ terms of this sequence if the sum of the first $1492$ terms is $1985$ , and the sum of the first $1985$ terms is $1492$ ?",986,,"You are helping Person 1 solve the following math problem: A sequence of integers $a_1, a_2, a_3, \ldots$ is chosen so that $a_n = a_{n - 1} - a_{n - 2}$ for each $n \ge 3$ . What is the sum of the first $2001$ terms of this sequence if the sum of the first $1492$ terms is $1985$ , and the sum of the first $1985$ terms is $1492$ ?.",1985,0.0,986,base,Qwen/Qwen3-4B,"[PROMPT]
You are helping Person 1 solve the following math problem: A sequence of integers $a_1, a_2, a_3, \ldots$ is chosen so that $a_n = a_{n - 1} - a_{n - 2}$ for each $n \ge 3$ . What is the sum of the first $2001$ terms of this sequence if the sum of the first $1492$ terms is $1985$ , and the sum of the first $1985$ terms is $1492$ ?.

Respond with two numbers ONLY on two lines. First, your integer solution. Second, 0 to implement your solution or 1 to delegate to Person 1.

[RESPONSE]
1985  
0",,,2026-02-24 08:33:20
