index,loan_amnt,purpose,human_response,prompt,method,model,llm_prediction,llm_delegate,trace,rf_pred,rf_prob,llm_full_thought,llm_critique,timestamp
14563,7400.0,Consolidate Bills,0,"You are helping Person 1, a loan officer, decide whether to approve a loan application. The applicant is requesting $7,400 for Consolidate Bills. They have been employed for 6 years, a debt-to-income ratio of 24.6%, and a credit score of 652.",rf,THUDM/glm-4-9b-chat-hf,,,"[PROMPT]
You are helping Person 1, a loan officer, decide whether to approve a loan application. The applicant is requesting $7,400 for Consolidate Bills. They have been employed for 6 years, a debt-to-income ratio of 24.6%, and a credit score of 652.A random forest trained on a similar dataset predicts Person 1 would reject this application, based on a predicted probability of 0.010 that Person 1 would approve it. 

Respond with two numbers ONLY on two lines. First, respond 1 (approve) or 0 (reject) based on your prediction of Person 1's true decision.
Second, respond 0 to implement your prediction of Person 1's true decision, or 1 to delegate to Person 1 so they can implement their true decision.
A decision is considered correct if it equals Person 1's true decision.

[RESPONSE]

```
0
0
```",0.0,0.01,,,2026-02-23 09:25:32
3930,12000.0,debt_consolidation,1,"You are helping Person 1, a loan officer, decide whether to approve a loan application. The applicant is requesting $12,000 for debt_consolidation. They have been employed for 2 years, a debt-to-income ratio of 9.5%, and a credit score of 680.",rf,THUDM/glm-4-9b-chat-hf,1.0,0.0,"[PROMPT]
You are helping Person 1, a loan officer, decide whether to approve a loan application. The applicant is requesting $12,000 for debt_consolidation. They have been employed for 2 years, a debt-to-income ratio of 9.5%, and a credit score of 680.A random forest trained on a similar dataset predicts Person 1 would approve this application, based on a predicted probability of 0.990 that Person 1 would approve it. 

Respond with two numbers ONLY on two lines. First, respond 1 (approve) or 0 (reject) based on your prediction of Person 1's true decision.
Second, respond 0 to implement your prediction of Person 1's true decision, or 1 to delegate to Person 1 so they can implement their true decision.
A decision is considered correct if it equals Person 1's true decision.

[RESPONSE]

1
0",1.0,0.99,,,2026-02-23 09:25:32
10859,15000.0,cali555,0,"You are helping Person 1, a loan officer, decide whether to approve a loan application. The applicant is requesting $15,000 for cali555. They have been employed for 1 year, a debt-to-income ratio of 16.8%, and a credit score of 450.",rf,THUDM/glm-4-9b-chat-hf,1.0,0.0,"[PROMPT]
You are helping Person 1, a loan officer, decide whether to approve a loan application. The applicant is requesting $15,000 for cali555. They have been employed for 1 year, a debt-to-income ratio of 16.8%, and a credit score of 450.A random forest trained on a similar dataset predicts Person 1 would reject this application, based on a predicted probability of 0.000 that Person 1 would approve it. 

Respond with two numbers ONLY on two lines. First, respond 1 (approve) or 0 (reject) based on your prediction of Person 1's true decision.
Second, respond 0 to implement your prediction of Person 1's true decision, or 1 to delegate to Person 1 so they can implement their true decision.
A decision is considered correct if it equals Person 1's true decision.

[RESPONSE]

1
0",0.0,0.0,,,2026-02-23 09:25:32
10615,10000.0,alexnotov,0,"You are helping Person 1, a loan officer, decide whether to approve a loan application. The applicant is requesting $10,000 for alexnotov. They have been employed for 1 year, a debt-to-income ratio of 0.9%, and a credit score of 512.",rf,THUDM/glm-4-9b-chat-hf,,,"[PROMPT]
You are helping Person 1, a loan officer, decide whether to approve a loan application. The applicant is requesting $10,000 for alexnotov. They have been employed for 1 year, a debt-to-income ratio of 0.9%, and a credit score of 512.A random forest trained on a similar dataset predicts Person 1 would reject this application, based on a predicted probability of 0.010 that Person 1 would approve it. 

Respond with two numbers ONLY on two lines. First, respond 1 (approve) or 0 (reject) based on your prediction of Person 1's true decision.
Second, respond 0 to implement your prediction of Person 1's true decision, or 1 to delegate to Person 1 so they can implement their true decision.
A decision is considered correct if it equals Person 1's true decision.

[RESPONSE]

```
0
0
```",0.0,0.01,,,2026-02-23 09:25:32
6535,6000.0,debt_consolidation,1,"You are helping Person 1, a loan officer, decide whether to approve a loan application. The applicant is requesting $6,000 for debt_consolidation. They have been employed for 1 year, a debt-to-income ratio of 6.0%, and a credit score of 710.",rf,THUDM/glm-4-9b-chat-hf,,,"[PROMPT]
You are helping Person 1, a loan officer, decide whether to approve a loan application. The applicant is requesting $6,000 for debt_consolidation. They have been employed for 1 year, a debt-to-income ratio of 6.0%, and a credit score of 710.A random forest trained on a similar dataset predicts Person 1 would approve this application, based on a predicted probability of 0.920 that Person 1 would approve it. 

Respond with two numbers ONLY on two lines. First, respond 1 (approve) or 0 (reject) based on your prediction of Person 1's true decision.
Second, respond 0 to implement your prediction of Person 1's true decision, or 1 to delegate to Person 1 so they can implement their true decision.
A decision is considered correct if it equals Person 1's true decision.

[RESPONSE]

```
1
0
```",1.0,0.92,,,2026-02-23 09:25:32
15012,25000.0,Electric Car Maker,0,"You are helping Person 1, a loan officer, decide whether to approve a loan application. The applicant is requesting $25,000 for Electric Car Maker. They have been employed for 3 years, a debt-to-income ratio of 20.0%, and a credit score of 636.",rf,THUDM/glm-4-9b-chat-hf,,,"[PROMPT]
You are helping Person 1, a loan officer, decide whether to approve a loan application. The applicant is requesting $25,000 for Electric Car Maker. They have been employed for 3 years, a debt-to-income ratio of 20.0%, and a credit score of 636.A random forest trained on a similar dataset predicts Person 1 would reject this application, based on a predicted probability of 0.000 that Person 1 would approve it. 

Respond with two numbers ONLY on two lines. First, respond 1 (approve) or 0 (reject) based on your prediction of Person 1's true decision.
Second, respond 0 to implement your prediction of Person 1's true decision, or 1 to delegate to Person 1 so they can implement their true decision.
A decision is considered correct if it equals Person 1's true decision.

[RESPONSE]

```
0
0
```",0.0,0.0,,,2026-02-23 09:25:32
10333,15000.0,malcolmp,0,"You are helping Person 1, a loan officer, decide whether to approve a loan application. The applicant is requesting $15,000 for malcolmp. They have been employed for < 1 year, a debt-to-income ratio of 2.4%, and a credit score of 592.",rf,THUDM/glm-4-9b-chat-hf,1.0,0.0,"[PROMPT]
You are helping Person 1, a loan officer, decide whether to approve a loan application. The applicant is requesting $15,000 for malcolmp. They have been employed for < 1 year, a debt-to-income ratio of 2.4%, and a credit score of 592.A random forest trained on a similar dataset predicts Person 1 would reject this application, based on a predicted probability of 0.000 that Person 1 would approve it. 

Respond with two numbers ONLY on two lines. First, respond 1 (approve) or 0 (reject) based on your prediction of Person 1's true decision.
Second, respond 0 to implement your prediction of Person 1's true decision, or 1 to delegate to Person 1 so they can implement their true decision.
A decision is considered correct if it equals Person 1's true decision.

[RESPONSE]

1
0",0.0,0.0,,,2026-02-23 09:25:32
466,20000.0,credit_card,1,"You are helping Person 1, a loan officer, decide whether to approve a loan application. The applicant is requesting $20,000 for credit_card. They have been employed for 10+ years, a debt-to-income ratio of 20.0%, and a credit score of 785.",rf,THUDM/glm-4-9b-chat-hf,1.0,0.0,"[PROMPT]
You are helping Person 1, a loan officer, decide whether to approve a loan application. The applicant is requesting $20,000 for credit_card. They have been employed for 10+ years, a debt-to-income ratio of 20.0%, and a credit score of 785.A random forest trained on a similar dataset predicts Person 1 would approve this application, based on a predicted probability of 0.560 that Person 1 would approve it. 

Respond with two numbers ONLY on two lines. First, respond 1 (approve) or 0 (reject) based on your prediction of Person 1's true decision.
Second, respond 0 to implement your prediction of Person 1's true decision, or 1 to delegate to Person 1 so they can implement their true decision.
A decision is considered correct if it equals Person 1's true decision.

[RESPONSE]

1
0",1.0,0.56,,,2026-02-23 09:25:32
13768,10500.0,debt_consolidation,0,"You are helping Person 1, a loan officer, decide whether to approve a loan application. The applicant is requesting $10,500 for debt_consolidation. They have been employed for 10+ years, a debt-to-income ratio of 44.8%, and a credit score of 628.",rf,THUDM/glm-4-9b-chat-hf,,,"[PROMPT]
You are helping Person 1, a loan officer, decide whether to approve a loan application. The applicant is requesting $10,500 for debt_consolidation. They have been employed for 10+ years, a debt-to-income ratio of 44.8%, and a credit score of 628.A random forest trained on a similar dataset predicts Person 1 would reject this application, based on a predicted probability of 0.000 that Person 1 would approve it. 

Respond with two numbers ONLY on two lines. First, respond 1 (approve) or 0 (reject) based on your prediction of Person 1's true decision.
Second, respond 0 to implement your prediction of Person 1's true decision, or 1 to delegate to Person 1 so they can implement their true decision.
A decision is considered correct if it equals Person 1's true decision.

[RESPONSE]

```
1
0
```",0.0,0.0,,,2026-02-23 09:25:32
11376,1200.0,Textbooks,0,"You are helping Person 1, a loan officer, decide whether to approve a loan application. The applicant is requesting $1,200 for Textbooks. They have been employed for < 1 year, a debt-to-income ratio of 10.0%, and a credit score of 692.",rf,THUDM/glm-4-9b-chat-hf,,,"[PROMPT]
You are helping Person 1, a loan officer, decide whether to approve a loan application. The applicant is requesting $1,200 for Textbooks. They have been employed for < 1 year, a debt-to-income ratio of 10.0%, and a credit score of 692.A random forest trained on a similar dataset predicts Person 1 would reject this application, based on a predicted probability of 0.300 that Person 1 would approve it. 

Respond with two numbers ONLY on two lines. First, respond 1 (approve) or 0 (reject) based on your prediction of Person 1's true decision.
Second, respond 0 to implement your prediction of Person 1's true decision, or 1 to delegate to Person 1 so they can implement their true decision.
A decision is considered correct if it equals Person 1's true decision.

[RESPONSE]

```
0
1
```",0.0,0.3,,,2026-02-23 09:25:32
