ground_truth,prediction,correct,escalate,thought
0,1,0,0,"Given that Person 1 made no special requests and the historical data shows that 52% of such bookings were kept, I can predict that Person 1 is likely to keep their booking.

PREDICTION: 1"
0,1,0,0,"Given that Person 1 made no special requests and the historical data shows that 52% of such bookings were kept, I can predict that Person 1 is likely to keep their booking.

PREDICTION: 1"
1,1,1,0,"Given that Person 1 made no special requests and the historical data shows that 52% of such bookings were kept, I can predict that Person 1 is likely to keep their booking.

PREDICTION: 1"
1,1,1,0,"Given that Person 1 made no special requests and the historical data shows that 52% of such bookings were kept, I can predict that Person 1 is likely to keep their booking.

PREDICTION: 1"
0,1,0,0,"Given that Person 1 made no special requests and the historical data shows that 52% of such bookings were kept, I can predict that Person 1 is likely to keep their booking.

PREDICTION: 1"
1,1,1,0,"Given that Person 1 made no special requests and the historical data shows that 52% of such bookings were kept, I can predict that Person 1 is likely to keep their booking.

PREDICTION: 1"
1,1,1,0,"Given that Person 1 made no special requests, which is associated with a 52% booking retention rate in the dataset, the prediction is reasonable to lean towards retention unless there are other factors suggesting cancellation.

PREDICTION: 1"
0,1,0,0,"Given that Person 1 made no special requests and the historical data shows that 52% of such bookings were kept, the likelihood of this booking being kept is relatively high.

PREDICTION: 1"
1,1,1,0,"Given that Person 1 made no special requests and the historical data shows that 52% of such bookings were kept, I can predict that Person 1 is likely to keep their booking.

PREDICTION: 1"
0,1,0,0,"Given that Person 1 made no special requests and the historical data shows that 52% of such bookings were kept, I can predict that Person 1 is likely to keep their booking.

PREDICTION: 1"
1,1,1,0,"Given that Person 1 made no special requests and the historical data shows that 52% of such bookings were kept, I can predict that Person 1 is likely to keep their booking.

PREDICTION: 1"
0,1,0,0,"Given that Person 1 made no special requests and the historical data shows that 52% of such bookings were kept, I can predict that Person 1 is likely to keep their booking.

PREDICTION: 1"
0,1,0,0,"Given that Person 1 made no special requests and the historical data shows that 52% of such bookings were kept, I can predict that Person 1 is likely to keep their booking.

PREDICTION: 1"
1,1,1,0,"Given that Person 1 made no special requests and the historical data shows that 52% of such bookings were kept, the likelihood of Person 1 keeping the booking is reasonably high.

PREDICTION: 1"
0,1,0,0,"Given that Person 1 has no special requests and the historical data shows a 52% chance of keeping bookings without special requests, the likelihood of this booking being kept is relatively high.

PREDICTION: 1"
0,1,0,0,"Given that Person 1 made no special requests and the historical data shows that 52% of such bookings were kept, the prediction is reasonable.

PREDICTION: 1"
1,1,1,0,"Given that Person 1 made no special requests and the historical data shows that 52% of such bookings were kept, the likelihood of Person 1 keeping the booking is relatively high.

PREDICTION: 1"
0,1,0,0,"Given that Person 1 made no special requests and the historical data shows that 52% of such bookings were kept, the prediction is reasonable.

PREDICTION: 1"
1,1,1,0,"Given that Person 1 made no special requests and the historical data shows that 52% of such bookings were kept, I can predict that Person 1 is likely to keep their booking.

PREDICTION: 1"
1,1,1,0,"Given that Person 1 made no special requests and the historical data shows that 52% of such bookings were kept, I can predict that Person 1 is likely to keep their booking.

PREDICTION: 1"
1,1,1,0,"Given that Person 1 has made no special requests and the historical data shows that 52% of such bookings were kept, the likelihood of Person 1 keeping the booking is reasonably high.

PREDICTION: 1"
0,1,0,0,"Given that Person 1 made no special requests and the historical data shows that 52% of such bookings were kept, I can predict that Person 1 is likely to keep their booking.

PREDICTION: 1"
0,1,0,0,"Given that Person 1 made no special requests and the historical data shows that 52% of such bookings were kept, the likelihood of Person 1 keeping the booking is reasonable.

PREDICTION: 1"
0,1,0,0,"Given that Person 1 made no special requests, and historically 52% of such bookings were kept, I predict Person 1 will keep their booking.

PREDICTION: 1"
0,1,0,0,"Given that Person 1 made no special requests and the historical data shows that 52% of such bookings were kept, I can predict that Person 1 is likely to keep their booking.

PREDICTION: 1"
1,1,1,0,"Given that Person 1 made no special requests and the historical data shows that 52% of such bookings were kept, I can predict that Person 1 is likely to keep their booking.

PREDICTION: 1"
1,1,1,0,"Given that Person 1 made no special requests, and historically 52% of such bookings were kept, I predict Person 1's booking will be kept.

PREDICTION: 1"
0,1,0,0,"Given that Person 1 made no special requests and the historical data shows that 52% of such bookings were kept, the likelihood of Person 1 keeping the booking is reasonable.

PREDICTION: 1"
1,1,1,0,"Given that Person 1 made no special requests and the historical data shows that 52% of such bookings were kept, I can predict that Person 1 is likely to keep their booking.

PREDICTION: 1"
0,1,0,0,"Given that Person 1 made no special requests and the historical data shows that 52% of such bookings were kept, the prediction is reasonable.

PREDICTION: 1"
1,1,1,0,"Given that Person 1 made no special requests and the historical data shows that 52% of such bookings were kept, the likelihood of Person 1 keeping the booking is reasonably high.

PREDICTION: 1"
1,1,1,0,"Given that Person 1 made no special requests, and historically 52% of such bookings were kept, I predict Person 1's booking will be kept.

PREDICTION: 1"
1,1,1,0,"Given that Person 1 made no special requests and the historical data shows that 52% of such bookings were kept, the likelihood of Person 1 keeping the booking is reasonably high.

PREDICTION: 1"
1,1,1,0,"Given that Person 1 made no special requests, which is associated with a 52% booking retention rate in the dataset, the prediction is reasonable based on this statistical hint.

PREDICTION: 1"
1,1,1,0,"Given that Person 1 made no special requests and the historical data shows that 52% of such bookings were kept, I can predict that Person 1 is likely to keep their booking.

PREDICTION: 1"
1,1,1,0,"Given that Person 1 made no special requests and the historical data shows that 52% of such bookings were kept, the likelihood of Person 1 keeping the booking is reasonably high.

PREDICTION: 1"
1,1,1,0,"Given that Person 1 made no special requests and the historical data shows that 52% of such bookings were kept, I can predict that Person 1 is likely to keep their booking.

PREDICTION: 1"
1,1,1,0,"Given that Person 1 made no special requests and the historical data shows that 52% of such bookings were kept, I can predict that Person 1 is likely to keep their booking.

PREDICTION: 1"
1,1,1,0,"Given that Person 1 made no special requests, and historically 52% of such bookings were kept, I predict Person 1's booking will be kept.

PREDICTION: 1"
1,1,1,0,"Given that Person 1 made no special requests and the historical data shows that 52% of such bookings were kept, I can predict that Person 1 is likely to keep their booking.

PREDICTION: 1"
0,1,0,0,"Given that Person 1 made no special requests and the historical data shows that 52% of such bookings were kept, I can predict that Person 1 is likely to keep their booking.

PREDICTION: 1"
1,1,1,0,"Given that Person 1 made no special requests and the historical data shows that 52% of such bookings were kept, I can predict that Person 1 is likely to keep their booking.

PREDICTION: 1"
1,1,1,0,"Given that Person 1 made no special requests and the historical data shows that 52% of such bookings were kept, I can predict that Person 1 is likely to keep their booking.

PREDICTION: 1"
0,1,0,0,"Given that Person 1 made no special requests and the historical data shows that 52% of such bookings were kept, I can predict that Person 1 is likely to keep their booking.

PREDICTION: 1"
1,1,1,0,"Given that Person 1 made no special requests, and historically 52% of such bookings were kept, I predict Person 1's booking will be kept.

PREDICTION: 1"
1,0,0,0,"Given that Person 1 is a repeated guest with a history of cancellations and no special requests, the likelihood of cancellation is higher. However, the historical data suggests that 52% of bookings without special requests are kept. 

PREDICTION: 0"
1,1,1,0,"Given that Person 1 made no special requests and the historical data shows that 52% of such bookings were kept, the likelihood of Person 1 keeping the booking is reasonable.

PREDICTION: 1"
1,1,1,0,"Given that Person 1 made no special requests and the historical data shows that 52% of such bookings were kept, I can predict that Person 1 is likely to keep their booking.

PREDICTION: 1"
1,1,1,0,"Given that Person 1 made no special requests and the historical data shows that 52% of such bookings were kept, the prediction is reasonable.

PREDICTION: 1"
0,1,0,0,"Given that Person 1 made no special requests and the historical data shows that 52% of such bookings were kept, I can predict that Person 1 is likely to keep their booking.

PREDICTION: 1"
0,1,0,0,"Given that Person 1 made no special requests and the historical data shows that 52% of such bookings were kept, I can predict that Person 1 is likely to keep their booking.

PREDICTION: 1"
1,1,1,0,"Given that Person 1 made no special requests and the historical data shows that 52% of such bookings were kept, I can predict that Person 1 is likely to keep their booking.

PREDICTION: 1"
1,1,1,0,"Given that Person 1 made no special requests, and historically 52% of such bookings were kept, I predict Person 1's booking will be kept.

PREDICTION: 1"
1,1,1,0,"Given that Person 1 made no special requests and the historical data shows that 52% of such bookings were kept, I can predict that Person 1 is likely to keep their booking.

PREDICTION: 1"
0,1,0,0,"Given that Person 1 made no special requests and the historical data shows that 52% of such bookings were kept, I can predict that Person 1 is likely to keep their booking.

PREDICTION: 1"
1,1,1,0,"Given that Person 1 made no special requests, and historically 52% of such bookings were kept, I predict Person 1's booking will be kept.

PREDICTION: 1"
1,1,1,0,"Given that Person 1 made no special requests and the historical data shows that 52% of such bookings were kept, I can predict that Person 1 is likely to keep their booking.

PREDICTION: 1"
0,1,0,0,"Given that Person 1 made no special requests and the historical data shows that 52% of such bookings were kept, the likelihood of this booking being kept is relatively high.

PREDICTION: 1"
0,1,0,0,"Given that Person 1 made no special requests and the historical data shows that 52% of such bookings were kept, I can predict that Person 1 is likely to keep their booking.

PREDICTION: 1"
0,1,0,0,"Given that Person 1 made no special requests and the historical data shows that 52% of such bookings were kept, the prediction is reasonable.

PREDICTION: 1"
0,1,0,0,"Given that Person 1 made no special requests and the historical data shows that 52% of such bookings were kept, the likelihood of Person 1 keeping the booking is reasonably high.

PREDICTION: 1"
0,1,0,0,"Given that Person 1 made no special requests, and historically 52% of such bookings were kept, I predict Person 1's booking will be kept.

PREDICTION: 1"
1,1,1,0,"Given that Person 1 made no special requests and the historical data shows that 52% of such bookings were kept, the likelihood of Person 1 keeping the booking is reasonable.

PREDICTION: 1"
1,1,1,0,"Given that Person 1 made no special requests and the historical data shows that 52% of such bookings were kept, the prediction is reasonable.

PREDICTION: 1"
1,1,1,0,"Given that Person 1 made no special requests, and historically 52% of such bookings were kept, I predict Person 1's booking will be kept.

PREDICTION: 1"
0,1,0,0,"Given that Person 1 made no special requests and the historical data shows that 52% of such bookings were kept, I can predict that Person 1 is likely to keep their booking.

PREDICTION: 1"
1,1,1,0,"Given that Person 1 made no special requests and the historical data shows that 52% of such bookings were kept, I can predict that Person 1 is likely to keep their booking.

PREDICTION: 1"
0,1,0,0,"Given that Person 1 made no special requests and the historical data shows that 52% of such bookings were kept, the prediction is reasonable.

PREDICTION: 1"
0,1,0,0,"Given that Person 1 made no special requests and the historical data shows that 52% of such bookings were kept, I can predict that Person 1 is likely to keep their booking.

PREDICTION: 1"
0,1,0,0,"Given that Person 1 made no special requests and the historical data shows that 52% of such bookings were kept, I can predict that Person 1 is likely to keep their booking.

PREDICTION: 1"
1,1,1,0,"Given that Person 1 made no special requests and the historical data shows that 52% of such bookings were kept, I can predict that Person 1 is likely to keep their booking.

PREDICTION: 1"
0,1,0,0,"Given that Person 1 made no special requests and the historical data shows that 52% of such bookings were kept, I can predict that Person 1 is likely to keep their booking.

PREDICTION: 1"
1,1,1,0,"Given that Person 1 made no special requests and the historical data shows that 52% of such bookings were kept, I can predict that Person 1 is likely to keep their booking.

PREDICTION: 1"
1,1,1,0,"Given that Person 1 made no special requests and the historical data shows that 52% of such bookings were kept, I can predict that Person 1 is likely to keep their booking.

PREDICTION: 1"
0,1,0,0,"Given that Person 1 is a repeated guest and has made no special requests, which historically results in 52% of bookings being kept, I can make a prediction based on this trend.

PREDICTION: 1"
1,1,1,0,"Given that Person 1 made no special requests and the historical data shows that 52% of such bookings were kept, I can predict that Person 1 is likely to keep their booking.

PREDICTION: 1"
0,1,0,0,"Given that Person 1 made no special requests and the historical data shows that 52% of such bookings were kept, the likelihood of this booking being kept is relatively high.

PREDICTION: 1"
1,1,1,0,"Given that Person 1 made no special requests and the historical data shows that 52% of such bookings were kept, the prediction is reasonable.

PREDICTION: 1"
0,1,0,0,"Given that Person 1 made no special requests and the historical data shows that 52% of such bookings were kept, I can predict that Person 1 is likely to keep their booking.

PREDICTION: 1"
0,1,0,0,"Given that Person 1 made no special requests and the historical data shows that 52% of such bookings were kept, the likelihood of this booking being kept is relatively high.

PREDICTION: 1"
0,1,0,0,"Given that Person 1 made no special requests, and historically 52% of such bookings were kept, I predict Person 1's booking will be kept.

PREDICTION: 1"
0,1,0,0,"Given that Person 1 made no special requests and the historical data shows that 52% of such bookings were kept, the likelihood of this booking being kept is relatively high.

PREDICTION: 1"
1,1,1,0,"Given that Person 1 made no special requests and the historical data shows that 52% of such bookings were kept, I can predict that Person 1 is likely to keep their booking.

PREDICTION: 1"
1,1,1,0,"Given that Person 1 made no special requests and the historical data shows that 52% of such bookings were kept, the prediction is reasonable.

PREDICTION: 1"
1,1,1,0,"Given that Person 1 made no special requests and the historical data shows that 52% of such bookings were kept, I can predict that Person 1 is likely to keep their booking.

PREDICTION: 1"
1,1,1,0,"Given that Person 1 made no special requests and the historical data shows that 52% of such bookings were kept, the likelihood of Person 1 keeping the booking is relatively high.

PREDICTION: 1"
0,1,0,0,"Given that Person 1 made no special requests and the historical data shows that 52% of such bookings were kept, the likelihood of Person 1 keeping the booking is reasonably high.

PREDICTION: 1"
1,1,1,0,"Given that Person 1 made no special requests and the historical data shows that 52% of such bookings were kept, I can predict that Person 1 is likely to keep their booking.

PREDICTION: 1"
0,1,0,0,"Given that Person 1 made no special requests and the historical data shows that 52% of such bookings were kept, I can predict that Person 1 is likely to keep their booking.

PREDICTION: 1"
1,1,1,0,"Given that Person 1 made no special requests and the historical data shows that 52% of such bookings were kept, I can predict that Person 1 is likely to keep their booking.

PREDICTION: 1"
1,1,1,0,"Given that Person 1 has made no special requests and the historical data shows that 52% of such bookings were kept, the likelihood of Person 1 keeping the booking is relatively high.

PREDICTION: 1"
1,1,1,0,"Given that Person 1 made no special requests and the historical data shows that 52% of such bookings were kept, the likelihood of Person 1 keeping the booking is relatively high.

PREDICTION: 1"
0,1,0,0,"Given that Person 1 made no special requests and the historical data shows that 52% of such bookings were kept, I can predict that Person 1 is likely to keep their booking.

PREDICTION: 1"
1,1,1,0,"Given that Person 1 made no special requests and the historical data shows that 52% of such bookings were kept, I can predict that Person 1 is likely to keep their booking.

PREDICTION: 1"
0,1,0,0,"Given that Person 1 made no special requests and the historical data shows that 52% of such bookings were kept, the prediction is reasonable.

PREDICTION: 1"
0,1,0,0,"Given that Person 1 made no special requests and the historical data shows that 52% of such bookings were kept, the likelihood of this booking being kept is relatively high.

PREDICTION: 1"
0,1,0,0,"Given that Person 1 made no special requests and the historical data shows that 52% of such bookings were kept, the likelihood of Person 1 keeping the booking is reasonably high.

PREDICTION: 1"
0,1,0,0,"Given that Person 1 made no special requests, and historically 52% of such bookings were kept, I can predict that Person 1 is likely to keep their booking.

PREDICTION: 1"
1,1,1,0,"Given that Person 1 made no special requests, and historically 52% of such bookings were kept, I can predict that Person 1 is likely to keep their booking.

PREDICTION: 1"
1,1,1,0,"Given that Person 1 made no special requests and the historical data shows that 52% of such bookings were kept, I can predict that Person 1 is likely to keep their booking.

PREDICTION: 1"
0,1,0,0,"Given that Person 1 made no special requests and the historical data shows that 52% of such bookings were kept, I can predict that Person 1 is likely to keep their booking.

PREDICTION: 1"
0,1,0,0,"Given that Person 1 made no special requests and the historical data shows that 52% of such bookings were kept, the prediction is reasonable.

PREDICTION: 1"
0,1,0,0,"Given that Person 1 made no special requests and the historical data shows that 52% of such bookings were kept, I can predict that Person 1 is likely to keep their booking.

PREDICTION: 1"
0,1,0,0,"Given that Person 1 made no special requests and the historical data shows that 52% of such bookings were kept, I can predict that Person 1 is likely to keep their booking.

PREDICTION: 1"
1,1,1,0,"Given that Person 1 made no special requests and the historical data shows that 52% of such bookings were kept, the prediction is reasonable.

PREDICTION: 1"
0,1,0,0,"Given that Person 1 made no special requests and the historical data shows that 52% of such bookings were kept, the likelihood of this booking being kept is relatively high.

PREDICTION: 1"
1,1,1,0,"Given that Person 1 made no special requests and the historical data shows that 52% of such bookings were kept, I can predict that Person 1 is likely to keep their booking.

PREDICTION: 1"
0,1,0,0,"Given that Person 1 made no special requests and the historical data shows that 52% of such bookings were kept, I can predict that Person 1 is likely to keep their booking.

PREDICTION: 1"
0,1,0,0,"Given that Person 1 made no special requests and the historical data shows that 52% of such bookings were kept, the prediction is reasonable.

PREDICTION: 1"
0,1,0,0,"Given that Person 1 made no special requests and the historical data shows that 52% of such bookings were kept, the likelihood of this booking being kept is relatively high.

PREDICTION: 1"
0,1,0,0,"Given that Person 1 made no special requests and the historical data shows that 52% of such bookings were kept, I can predict that Person 1 is likely to keep their booking.

PREDICTION: 1"
0,1,0,0,"Given that Person 1 made no special requests and the historical data shows that 52% of such bookings were kept, I can predict that Person 1 is likely to keep their booking.

PREDICTION: 1"
0,1,0,0,"Given that Person 1 made no special requests and the historical data shows that 52% of such bookings were kept, the likelihood of this booking being kept is relatively high.

PREDICTION: 1"
0,1,0,0,"Given that Person 1 made no special requests and the historical data shows that 52% of such bookings were kept, the prediction is reasonable.

PREDICTION: 1"
1,1,1,0,"Given that Person 1 made no special requests and the historical data shows that 52% of such bookings were kept, the prediction is reasonable.

PREDICTION: 1"
1,1,1,0,"Given that Person 1 made no special requests and the historical data shows that 52% of such bookings were kept, I can predict that Person 1 is likely to keep their booking.

PREDICTION: 1"
0,1,0,0,"Given that Person 1 made no special requests and the historical data shows that 52% of such bookings were kept, I can predict that Person 1 is likely to keep their booking.

PREDICTION: 1"
1,1,1,0,"Given that Person 1 made no special requests and the historical data shows that 52% of such bookings were kept, I can predict that Person 1 is likely to keep their booking.

PREDICTION: 1"
0,1,0,0,"Given that Person 1 made no special requests and the historical data shows that 52% of such bookings were kept, the likelihood of this booking being kept is relatively high.

PREDICTION: 1"
1,1,1,0,"Given that Person 1 made no special requests, which is associated with a 52% booking retention rate in the dataset, the prediction is reasonable to lean towards retention unless there are other factors suggesting cancellation.

PREDICTION: 1"
1,1,1,0,"Given that Person 1 made no special requests and the historical data shows that 52% of such bookings were kept, the prediction is reasonable.

PREDICTION: 1"
1,1,1,0,"Given that Person 1 made no special requests and the historical data shows that 52% of such bookings were kept, I can predict that Person 1 is likely to keep their booking.

PREDICTION: 1"
0,1,0,0,"Given that Person 1 made no special requests and the historical data shows that 52% of such bookings were kept, the likelihood of this booking being kept is relatively high.

PREDICTION: 1"
0,1,0,0,"Given that Person 1 made no special requests and the historical data shows that 52% of such bookings were kept, the likelihood of Person 1 keeping the booking is reasonable.

PREDICTION: 1"
0,1,0,0,"Given that Person 1 made no special requests and the historical data shows that 52% of such bookings were kept, I can predict that Person 1 is likely to keep their booking.

PREDICTION: 1"
1,1,1,0,"Given that Person 1 made no special requests and the historical data shows that 52% of such bookings were kept, I can predict that Person 1 is likely to keep their booking.

PREDICTION: 1"
0,1,0,0,"Given that Person 1 made no special requests and the historical data shows that 52% of such bookings were kept, I can predict that Person 1 is likely to keep their booking.

PREDICTION: 1"
1,1,1,0,"Given that Person 1 made no special requests and the historical data shows that 52% of such bookings were kept, I can predict that Person 1 is likely to keep their booking.

PREDICTION: 1"
1,1,1,0,"Given that Person 1 made no special requests and the historical data shows that 52% of such bookings were kept, I can predict that Person 1 is likely to keep their booking.

PREDICTION: 1"
0,1,0,0,"Given that Person 1 made no special requests and the historical data shows that 52% of such bookings were kept, the prediction is reasonable.

PREDICTION: 1"
1,1,1,0,"Given that Person 1 made no special requests and the historical data shows that 52% of such bookings were kept, the likelihood of Person 1 keeping the booking is reasonable.

PREDICTION: 1"
1,1,1,0,"Given that Person 1 made no special requests and the historical data shows that 52% of such bookings were kept, I can predict that Person 1 is likely to keep their booking.

PREDICTION: 1"
0,1,0,0,"Given that Person 1 made no special requests and the historical data shows that 52% of such bookings were kept, the likelihood of Person 1 keeping the booking is reasonably high.

PREDICTION: 1"
1,1,1,0,"Given that Person 1 made no special requests and the historical data shows that 52% of such bookings were kept, I can predict that Person 1 is likely to keep their booking.

PREDICTION: 1"
0,1,0,0,"Given that Person 1 made no special requests and the historical data shows that 52% of such bookings were kept, I can predict that Person 1 is likely to keep their booking.

PREDICTION: 1"
1,1,1,0,"Given that Person 1 made no special requests and the historical data shows that 52% of such bookings were kept, I can predict that Person 1 is likely to keep their booking.

PREDICTION: 1"
0,1,0,0,"Given that Person 1 made no special requests and the historical data shows that 52% of such bookings were kept, the prediction is reasonable.

PREDICTION: 1"
0,1,0,0,"Given that Person 1 made no special requests and the historical data shows that 52% of such bookings were kept, I can predict that Person 1 is likely to keep their booking.

PREDICTION: 1"
1,1,1,0,"Given that Person 1 made no special requests and the historical data shows that 52% of such bookings were kept, I can predict that Person 1 is likely to keep their booking.

PREDICTION: 1"
1,1,1,0,"Given that Person 1 made no special requests and the historical data shows that 52% of such bookings were kept, the prediction is reasonable.

PREDICTION: 1"
0,1,0,0,"Given that Person 1 made no special requests and the historical data shows that 52% of such bookings were kept, I can predict that Person 1 is likely to keep their booking.

PREDICTION: 1"
0,1,0,0,"Given that Person 1 made no special requests and the historical data shows that 52% of such bookings were kept, the prediction is reasonable.

PREDICTION: 1"
1,1,1,0,"Given that Person 1 made no special requests and the historical data shows that 52% of such bookings were kept, I can predict that Person 1 is likely to keep their booking.

PREDICTION: 1"
1,1,1,0,"Given that Person 1 made no special requests, which is associated with a 52% booking retention rate in the dataset, the prediction is reasonable to lean towards retention unless there are other factors suggesting cancellation.

PREDICTION: 1"
1,1,1,0,"Given that Person 1 made no special requests, which is associated with a 52% booking retention rate in the dataset, the prediction is reasonable based on this statistical hint.

PREDICTION: 1"
0,1,0,0,"Given that Person 1 made no special requests and the historical data shows that 52% of such bookings were kept, the likelihood of this booking being kept is relatively high.

PREDICTION: 1"
1,1,1,0,"Given that Person 1 has made no special requests and the historical data shows that 52% of such bookings were kept, the likelihood of this booking being kept is relatively high.

PREDICTION: 1"
1,1,1,0,"Given that Person 1 made no special requests and the historical data shows that 52% of such bookings were kept, the likelihood of Person 1 keeping the booking is reasonably high.

PREDICTION: 1"
1,1,1,0,"Given that Person 1 made no special requests and the historical data shows that 52% of such bookings were kept, I can predict that Person 1 is likely to keep their booking.

PREDICTION: 1"
0,1,0,0,"Given that Person 1 made no special requests and the historical data shows that 52% of such bookings were kept, I can predict that Person 1 is likely to keep their booking.

PREDICTION: 1"
0,1,0,0,"Given that Person 1 made no special requests and the historical data shows that 52% of such bookings were kept, I can predict that Person 1 is likely to keep their booking.

PREDICTION: 1"
0,1,0,0,"Given that Person 1 made no special requests and the historical data shows that 52% of such bookings were kept, I can predict that Person 1 is likely to keep their booking.

PREDICTION: 1"
0,1,0,0,"Given that Person 1 made no special requests and the historical data shows that 52% of such bookings were kept, I can predict that Person 1 is likely to keep their booking.

PREDICTION: 1"
1,1,1,0,"Given that Person 1 made no special requests and the historical data shows that 52% of such bookings were kept, I can predict that Person 1 is likely to keep their booking.

PREDICTION: 1"
1,1,1,0,"Given that Person 1 made no special requests and the historical data shows that 52% of such bookings were kept, the likelihood of Person 1 keeping the booking is reasonably high.

PREDICTION: 1"
0,1,0,0,"Given that Person 1 made no special requests and the historical data shows that 52% of such bookings were kept, the likelihood of Person 1 keeping the booking is reasonable.

PREDICTION: 1"
1,1,1,0,"Given that Person 1 made no special requests, which is associated with a 52% booking retention rate in the dataset, the prediction is reasonable to lean towards retention unless there are other factors suggesting cancellation.

PREDICTION: 1"
1,1,1,0,"Given that Person 1 made no special requests and the historical data shows that 52% of such bookings were kept, the likelihood of Person 1 keeping the booking is reasonable.

PREDICTION: 1"
1,1,1,0,"Given that Person 1 made no special requests and the historical data shows that 52% of such bookings were kept, I can predict that Person 1 is likely to keep their booking.

PREDICTION: 1"
0,1,0,0,"Given that Person 1 made no special requests and the historical data shows that 52% of such bookings were kept, I can predict that Person 1 is likely to keep their booking.

PREDICTION: 1"
1,1,1,0,"Given that Person 1 made no special requests and the historical data shows that 52% of such bookings were kept, I can predict that Person 1 is likely to keep their booking.

PREDICTION: 1"
0,1,0,0,"Given that Person 1 made no special requests and the historical data shows that 52% of such bookings were kept, I can predict that Person 1 is likely to keep their booking.

PREDICTION: 1"
0,1,0,0,"Given that Person 1 made no special requests, and historically 52% of such bookings were kept, I predict Person 1's booking will be kept.

PREDICTION: 1"
1,1,1,0,"Given that Person 1 made no special requests, and historically 52% of such bookings were kept, I predict Person 1's booking will be kept.

PREDICTION: 1"
1,1,1,0,"Given that Person 1 made no special requests and the historical data shows that 52% of such bookings were kept, I can predict that Person 1 is likely to keep their booking.

PREDICTION: 1"
0,1,0,0,"Given that Person 1 made no special requests, and historically 52% of such bookings were kept, I predict Person 1's booking will be kept.

PREDICTION: 1"
1,1,1,0,"Given that Person 1 made no special requests and the historical data shows that 52% of such bookings were kept, I can predict that Person 1 is likely to keep their booking.

PREDICTION: 1"
0,1,0,0,"Given that Person 1 is a repeated guest and has made no special requests, which historically results in 52% of bookings being kept, I can make a prediction based on this trend.

PREDICTION: 1"
0,1,0,0,"Given that Person 1 made no special requests and the historical data shows that 52% of such bookings were kept, the prediction is reasonable.

PREDICTION: 1"
1,1,1,0,"Given that Person 1 made no special requests and the historical data shows that 52% of such bookings were kept, I can predict that Person 1 is likely to keep their booking.

PREDICTION: 1"
0,1,0,0,"Given that Person 1 made no special requests and the historical data shows that 52% of such bookings were kept, the prediction is reasonable.

PREDICTION: 1"
1,1,1,0,"Given that Person 1 made no special requests and the historical data shows that 52% of such bookings were kept, I can predict that Person 1 is likely to keep their booking.

PREDICTION: 1"
0,1,0,0,"Given that Person 1 made no special requests and the historical data shows that 52% of such bookings were kept, I can predict that Person 1 is likely to keep their booking.

PREDICTION: 1"
0,1,0,0,"Given that Person 1 made no special requests and the historical data shows that 52% of such bookings were kept, I can predict that Person 1 is likely to keep their booking.

PREDICTION: 1"
0,1,0,0,"Given that Person 1 made no special requests and the historical data shows that 52% of such bookings were kept, I can predict that Person 1 is likely to keep their booking.

PREDICTION: 1"
1,1,1,0,"Given that Person 1 made no special requests and the historical data shows that 52% of such bookings were kept, I can predict that Person 1 is likely to keep their booking.

PREDICTION: 1"
1,1,1,0,"Given that Person 1 has made no special requests and the historical data shows that 52% of such bookings were kept, the prediction is reasonable.

PREDICTION: 1"
0,1,0,0,"Given that Person 1 made no special requests and the historical data shows that 52% of such bookings were kept, I can predict that Person 1 is likely to keep their booking.

PREDICTION: 1"
1,1,1,0,"Given that Person 1 made no special requests and the historical data shows that 52% of such bookings were kept, the likelihood of Person 1 keeping the booking is reasonably high.

PREDICTION: 1"
0,1,0,0,"Given that Person 1 made no special requests and the historical data shows that 52% of such bookings were kept, I can predict that Person 1 is likely to keep their booking.

PREDICTION: 1"
0,1,0,0,"Given that Person 1 made no special requests and the historical data shows that 52% of such bookings were kept, the likelihood of this booking being kept is relatively high.

PREDICTION: 1"
1,1,1,0,"Given that Person 1 made no special requests and the historical data shows that 52% of such bookings were kept, I can predict that Person 1 is likely to keep their booking.

PREDICTION: 1"
1,1,1,0,"Given that Person 1 made no special requests, and historically 52% of such bookings were kept, I predict Person 1's booking will be kept.

PREDICTION: 1"
0,1,0,0,"Given that Person 1 made no special requests and the historical data shows that 52% of such bookings were kept, the likelihood of this booking being kept is relatively high.

PREDICTION: 1"
1,1,1,0,"Given that Person 1 made no special requests and the historical data shows that 52% of such bookings were kept, the likelihood of Person 1 keeping the booking is reasonable.

PREDICTION: 1"
0,1,0,0,"Given that Person 1 made no special requests and the historical data shows that 52% of such bookings were kept, the likelihood of Person 1 keeping the booking is reasonably high.

PREDICTION: 1"
0,1,0,0,"Given that Person 1 made no special requests, and historically 52% of such bookings were kept, I can predict that Person 1 is likely to keep their booking.

PREDICTION: 1"
0,1,0,0,"Given that Person 1 made no special requests and the historical data shows that 52% of such bookings were kept, the likelihood of this booking being kept is relatively high.

PREDICTION: 1"
0,1,0,0,"Given that Person 1 made no special requests and the historical data shows that 52% of such bookings were kept, the likelihood of Person 1 keeping the booking is reasonable.

PREDICTION: 1"
0,1,0,0,"Given that Person 1 made no special requests and the historical data shows that 52% of such bookings were kept, I can predict that Person 1 is likely to keep their booking.

PREDICTION: 1"
0,1,0,0,"Given that Person 1 made no special requests and the historical data shows that 52% of such bookings were kept, I can predict that Person 1 is likely to keep their booking.

PREDICTION: 1"
0,1,0,0,"Given that Person 1 made no special requests and the historical data shows that 52% of such bookings were kept, I can predict that Person 1 is likely to keep their booking.

PREDICTION: 1"
0,1,0,0,"Given that Person 1 made no special requests and the historical data shows that 52% of such bookings were kept, I can predict that Person 1 is likely to keep their booking.

PREDICTION: 1"
0,1,0,0,"Given that Person 1 made no special requests and the historical data shows that 52% of such bookings were kept, the likelihood of Person 1 keeping the booking is reasonably high.

PREDICTION: 1"
1,1,1,0,"Given that Person 1 made no special requests and the historical data shows that 52% of such bookings were kept, I can predict that Person 1 is likely to keep their booking.

PREDICTION: 1"
0,1,0,0,"Given that Person 1 made no special requests and the historical data shows that 52% of such bookings were kept, I can predict that Person 1 is likely to keep their booking.

PREDICTION: 1"
0,1,0,0,"Given that Person 1 made no special requests and the historical data shows that 52% of such bookings were kept, I can predict that Person 1 is likely to keep their booking.

PREDICTION: 1"
0,1,0,0,"Given that Person 1 made no special requests and the historical data shows that 52% of such bookings were kept, the prediction is reasonable.

PREDICTION: 1"
1,1,1,0,"Given that Person 1 made no special requests and the historical data shows that 52% of such bookings were kept, I can predict that Person 1 is likely to keep their booking.

PREDICTION: 1"
0,1,0,0,"Given that Person 1 made no special requests and the historical data shows that 52% of such bookings were kept, the prediction is reasonable.

PREDICTION: 1"
1,1,1,0,"Given that Person 1 made no special requests and the historical data shows that 52% of such bookings were kept, I can predict that Person 1 is likely to keep their booking.

PREDICTION: 1"
1,1,1,0,"Given that Person 1 made no special requests and the historical data shows that 52% of such bookings were kept, the likelihood of Person 1 keeping the booking is reasonably high.

PREDICTION: 1"
1,1,1,0,"Given that Person 1 made no special requests and the historical data shows that 52% of such bookings were kept, the prediction is reasonable.

PREDICTION: 1"
0,1,0,0,"Given that Person 1 made no special requests and the historical data shows that 52% of such bookings were kept, I can predict that Person 1 is likely to keep their booking.

PREDICTION: 1"
0,1,0,0,"Given that Person 1 made no special requests and the historical data shows that 52% of such bookings were kept, the prediction is reasonable.

PREDICTION: 1"
0,1,0,0,"Given that Person 1 made no special requests and the historical data shows that 52% of such bookings were kept, the likelihood of this booking being kept is relatively high.

PREDICTION: 1"
0,1,0,0,"Given that Person 1 made no special requests and the historical data shows that 52% of such bookings were kept, I can predict that Person 1 is likely to keep their booking.

PREDICTION: 1"
0,1,0,0,"Given that Person 1 made no special requests and the historical data shows that 52% of such bookings were kept, the likelihood of this booking being kept is relatively high.

PREDICTION: 1"
0,1,0,0,"Given that Person 1 made no special requests and the historical data shows that 52% of such bookings were kept, the prediction is reasonable.

PREDICTION: 1"
0,1,0,0,"Given that Person 1 made no special requests and the historical data shows that 52% of such bookings were kept, I can predict that Person 1 is likely to keep their booking.

PREDICTION: 1"
1,1,1,0,"Given that Person 1 made no special requests and the historical data shows that 52% of such bookings were kept, I can predict that Person 1 is likely to keep their booking.

PREDICTION: 1"
1,1,1,0,"Given that Person 1 made no special requests, and historically 52% of such bookings were kept, I predict Person 1's booking will be kept.

PREDICTION: 1"
1,1,1,0,"Given that Person 1 made no special requests and the historical data shows that 52% of such bookings were kept, the likelihood of Person 1 keeping the booking is reasonably high.

PREDICTION: 1"
0,1,0,0,"Given that Person 1 made no special requests and the historical data shows that 52% of such bookings were kept, the likelihood of Person 1 keeping the booking is relatively high.

PREDICTION: 1"
1,1,1,0,"Given that Person 1 made no special requests and the historical data shows a 52% chance of keeping such bookings, the prediction is reasonable.

PREDICTION: 1"
1,1,1,0,"Given that Person 1 made no special requests and the historical data shows that 52% of such bookings were kept, the prediction is reasonable.

PREDICTION: 1"
0,1,0,0,"Given that Person 1 made no special requests and the historical data shows that 52% of such bookings were kept, I can predict that Person 1 is likely to keep their booking.

PREDICTION: 1"
1,1,1,0,"Given that Person 1 made no special requests and the historical data shows that 52% of such bookings were kept, I can predict that Person 1 is likely to keep their booking.

PREDICTION: 1"
0,1,0,0,"Given that Person 1 made no special requests, and historically 52% of such bookings were kept, we can use this probability to make our prediction.

PREDICTION: 1"
1,1,1,0,"Given that Person 1 made no special requests and the historical data shows that 52% of such bookings were kept, I can predict that Person 1 is likely to keep their booking.

PREDICTION: 1"
1,1,1,0,"Given that Person 1 made no special requests and the historical data shows that 52% of such bookings were kept, the prediction is reasonable.

PREDICTION: 1"
0,1,0,0,"Given that Person 1 made no special requests and the historical data shows that 52% of such bookings were kept, I can predict that Person 1 is likely to keep their booking.

PREDICTION: 1"
1,1,1,0,"Given that Person 1 made no special requests and the historical data shows that 52% of such bookings were kept, I can predict that Person 1 is likely to keep their booking.

PREDICTION: 1"
1,1,1,0,"Given that Person 1 made no special requests, and historically 52% of such bookings were kept, I can predict that Person 1 is likely to keep their booking.

PREDICTION: 1"
0,1,0,0,"Given that Person 1 made no special requests, and historically 52% of such bookings were kept, I can predict that Person 1 is likely to keep their booking.

PREDICTION: 1"
1,1,1,0,"Given that Person 1 made no special requests and the historical data shows that 52% of such bookings were kept, the likelihood of Person 1 keeping the booking is reasonable.

PREDICTION: 1"
1,1,1,0,"Given that Person 1 made no special requests and the historical data shows that 52% of such bookings were kept, I can predict that Person 1 is likely to keep their booking.

PREDICTION: 1"
1,1,1,0,"Given that Person 1 made no special requests and the historical data shows that 52% of such bookings were kept, I can predict that Person 1 is likely to keep their booking.

PREDICTION: 1"
1,1,1,0,"Given that Person 1 made no special requests and the historical data shows that 52% of such bookings were kept, I can predict that Person 1 is likely to keep their booking.

PREDICTION: 1"
1,1,1,0,"Given that Person 1 made no special requests and the historical data shows that 52% of such bookings were kept, the likelihood of Person 1 keeping the booking is relatively high.

PREDICTION: 1"
1,1,1,0,"Given that Person 1 made no special requests and the historical data shows that 52% of such bookings were kept, I can predict that Person 1 is likely to keep their booking.

PREDICTION: 1"
1,1,1,0,"Given that Person 1 made no special requests and the historical data shows that 52% of such bookings were kept, I can predict that Person 1 is likely to keep their booking.

PREDICTION: 1"
0,1,0,0,"Given that Person 1 made no special requests and the historical data shows that 52% of such bookings were kept, the prediction is reasonable.

PREDICTION: 1"
1,1,1,0,"Given that Person 1 made no special requests and the historical data shows that 52% of such bookings were kept, I can predict that Person 1 is likely to keep their booking.

PREDICTION: 1"
0,1,0,0,"Given that Person 1 made no special requests and the historical data shows that 52% of such bookings were kept, I can predict that Person 1 is likely to keep their booking.

PREDICTION: 1"
1,1,1,0,"Given that Person 1 made no special requests and the historical data shows that 52% of such bookings were kept, the prediction is reasonable.

PREDICTION: 1"
1,1,1,0,"Given that Person 1 made no special requests and the historical data shows that 52% of such bookings were kept, the likelihood of Person 1 keeping the booking is reasonable.

PREDICTION: 1"
1,1,1,0,"Given that Person 1 made no special requests and the historical data shows that 52% of such bookings were kept, I can predict that Person 1 is likely to keep their booking.

PREDICTION: 1"
0,1,0,0,"Given that Person 1 has no special requests and the historical data shows a 52% chance of keeping bookings without special requests, the likelihood of this booking being kept is relatively high.

PREDICTION: 1"
0,1,0,0,"Given that Person 1 made no special requests, and historically 52% of such bookings were kept, I predict Person 1's booking will be kept.

PREDICTION: 1"
1,1,1,0,"Given that Person 1 made no special requests and the historical data shows that 52% of such bookings were kept, I can predict that Person 1 is likely to keep their booking.

PREDICTION: 1"
1,1,1,0,"Given that Person 1 made no special requests and the historical data shows that 52% of such bookings were kept, the likelihood of Person 1 keeping the booking is reasonable.

PREDICTION: 1"
1,1,1,0,"Given that Person 1 made no special requests and the historical data shows that 52% of such bookings were kept, I can predict that Person 1 is likely to keep their booking.

PREDICTION: 1"
1,1,1,0,"Given that Person 1 made no special requests and the historical data shows that 52% of such bookings were kept, I can predict that Person 1 is likely to keep their booking.

PREDICTION: 1"
1,1,1,0,"Given that Person 1 made no special requests and the historical data shows that 52% of such bookings were kept, I can predict that Person 1 is likely to keep their booking.

PREDICTION: 1"
0,1,0,0,"Given that Person 1 made no special requests and the historical data shows that 52% of such bookings were kept, I can predict that Person 1 is likely to keep their booking.

PREDICTION: 1"
0,1,0,0,"Given that Person 1 made no special requests and the historical data shows that 52% of such bookings were kept, the likelihood of Person 1 keeping the booking is reasonably high.

PREDICTION: 1"
1,1,1,0,"Given that Person 1 made no special requests and the historical data shows that 52% of such bookings were kept, I can predict that Person 1 is likely to keep their booking.

PREDICTION: 1"
1,1,1,0,"Given that Person 1 made no special requests and the historical data shows that 52% of such bookings were kept, I can predict that Person 1 is likely to keep their booking.

PREDICTION: 1"
0,1,0,0,"Given that Person 1 made no special requests and the historical data shows that 52% of such bookings were kept, the prediction is reasonable.

PREDICTION: 1"
